PRAGMA foreign_keys=OFF;
BEGIN TRANSACTION;
CREATE TABLE IF NOT EXISTS "django_migrations" ("id" integer NOT NULL PRIMARY KEY AUTOINCREMENT, "app" varchar(255) NOT NULL, "name" varchar(255) NOT NULL, "applied" datetime NOT NULL);
INSERT INTO django_migrations VALUES(1,'contenttypes','0001_initial','2024-10-14 23:07:00.503935');
INSERT INTO django_migrations VALUES(2,'auth','0001_initial','2024-10-14 23:07:00.555571');
INSERT INTO django_migrations VALUES(3,'admin','0001_initial','2024-10-14 23:07:00.589025');
INSERT INTO django_migrations VALUES(4,'admin','0002_logentry_remove_auto_add','2024-10-14 23:07:00.623172');
INSERT INTO django_migrations VALUES(5,'admin','0003_logentry_add_action_flag_choices','2024-10-14 23:07:00.673501');
INSERT INTO django_migrations VALUES(6,'contenttypes','0002_remove_content_type_name','2024-10-14 23:07:00.703202');
INSERT INTO django_migrations VALUES(7,'auth','0002_alter_permission_name_max_length','2024-10-14 23:07:00.728929');
INSERT INTO django_migrations VALUES(8,'auth','0003_alter_user_email_max_length','2024-10-14 23:07:00.753855');
INSERT INTO django_migrations VALUES(9,'auth','0004_alter_user_username_opts','2024-10-14 23:07:00.773708');
INSERT INTO django_migrations VALUES(10,'auth','0005_alter_user_last_login_null','2024-10-14 23:07:00.801210');
INSERT INTO django_migrations VALUES(11,'auth','0006_require_contenttypes_0002','2024-10-14 23:07:00.817174');
INSERT INTO django_migrations VALUES(12,'auth','0007_alter_validators_add_error_messages','2024-10-14 23:07:00.837986');
INSERT INTO django_migrations VALUES(13,'auth','0008_alter_user_username_max_length','2024-10-14 23:07:00.867039');
INSERT INTO django_migrations VALUES(14,'auth','0009_alter_user_last_name_max_length','2024-10-14 23:07:00.889541');
INSERT INTO django_migrations VALUES(15,'auth','0010_alter_group_name_max_length','2024-10-14 23:07:00.917639');
INSERT INTO django_migrations VALUES(16,'auth','0011_update_proxy_permissions','2024-10-14 23:07:00.988569');
INSERT INTO django_migrations VALUES(17,'auth','0012_alter_user_first_name_max_length','2024-10-14 23:07:01.023326');
INSERT INTO django_migrations VALUES(18,'django_registration','0001_initial','2024-10-14 23:07:01.053111');
INSERT INTO django_migrations VALUES(19,'sessions','0001_initial','2024-10-14 23:07:01.077694');
INSERT INTO django_migrations VALUES(20,'providers','0001_initial','2024-10-15 16:09:25.749531');
CREATE TABLE IF NOT EXISTS "auth_group_permissions" ("id" integer NOT NULL PRIMARY KEY AUTOINCREMENT, "group_id" integer NOT NULL REFERENCES "auth_group" ("id") DEFERRABLE INITIALLY DEFERRED, "permission_id" integer NOT NULL REFERENCES "auth_permission" ("id") DEFERRABLE INITIALLY DEFERRED);
CREATE TABLE IF NOT EXISTS "auth_user_groups" ("id" integer NOT NULL PRIMARY KEY AUTOINCREMENT, "user_id" integer NOT NULL REFERENCES "auth_user" ("id") DEFERRABLE INITIALLY DEFERRED, "group_id" integer NOT NULL REFERENCES "auth_group" ("id") DEFERRABLE INITIALLY DEFERRED);
CREATE TABLE IF NOT EXISTS "auth_user_user_permissions" ("id" integer NOT NULL PRIMARY KEY AUTOINCREMENT, "user_id" integer NOT NULL REFERENCES "auth_user" ("id") DEFERRABLE INITIALLY DEFERRED, "permission_id" integer NOT NULL REFERENCES "auth_permission" ("id") DEFERRABLE INITIALLY DEFERRED);
CREATE TABLE IF NOT EXISTS "django_admin_log" ("id" integer NOT NULL PRIMARY KEY AUTOINCREMENT, "object_id" text NULL, "object_repr" varchar(200) NOT NULL, "action_flag" smallint unsigned NOT NULL CHECK ("action_flag" >= 0), "change_message" text NOT NULL, "content_type_id" integer NULL REFERENCES "django_content_type" ("id") DEFERRABLE INITIALLY DEFERRED, "user_id" integer NOT NULL REFERENCES "auth_user" ("id") DEFERRABLE INITIALLY DEFERRED, "action_time" datetime NOT NULL);
INSERT INTO django_admin_log VALUES(1,'2','jack',1,'[{"added": {}}]',4,1,'2024-10-14 23:15:47.026846');
INSERT INTO django_admin_log VALUES(2,'2','jack',3,'',4,1,'2024-10-14 23:15:58.111424');
INSERT INTO django_admin_log VALUES(3,'3','esimgo',1,'[{"added": {}}]',9,1,'2024-10-18 16:37:05.731394');
INSERT INTO django_admin_log VALUES(4,'10','Vodafone',1,'[{"added": {}}]',7,1,'2024-10-18 16:37:16.078675');
INSERT INTO django_admin_log VALUES(5,'7','esimgo in DE',1,'[{"added": {}}]',8,1,'2024-10-18 16:37:40.137213');
CREATE TABLE IF NOT EXISTS "django_content_type" ("id" integer NOT NULL PRIMARY KEY AUTOINCREMENT, "app_label" varchar(100) NOT NULL, "model" varchar(100) NOT NULL);
INSERT INTO django_content_type VALUES(1,'admin','logentry');
INSERT INTO django_content_type VALUES(2,'auth','permission');
INSERT INTO django_content_type VALUES(3,'auth','group');
INSERT INTO django_content_type VALUES(4,'auth','user');
INSERT INTO django_content_type VALUES(5,'contenttypes','contenttype');
INSERT INTO django_content_type VALUES(6,'sessions','session');
INSERT INTO django_content_type VALUES(7,'providers','network');
INSERT INTO django_content_type VALUES(8,'providers','countrydata');
INSERT INTO django_content_type VALUES(9,'providers','operator');
CREATE TABLE IF NOT EXISTS "auth_permission" ("id" integer NOT NULL PRIMARY KEY AUTOINCREMENT, "content_type_id" integer NOT NULL REFERENCES "django_content_type" ("id") DEFERRABLE INITIALLY DEFERRED, "codename" varchar(100) NOT NULL, "name" varchar(255) NOT NULL);
INSERT INTO auth_permission VALUES(1,1,'add_logentry','Can add log entry');
INSERT INTO auth_permission VALUES(2,1,'change_logentry','Can change log entry');
INSERT INTO auth_permission VALUES(3,1,'delete_logentry','Can delete log entry');
INSERT INTO auth_permission VALUES(4,1,'view_logentry','Can view log entry');
INSERT INTO auth_permission VALUES(5,2,'add_permission','Can add permission');
INSERT INTO auth_permission VALUES(6,2,'change_permission','Can change permission');
INSERT INTO auth_permission VALUES(7,2,'delete_permission','Can delete permission');
INSERT INTO auth_permission VALUES(8,2,'view_permission','Can view permission');
INSERT INTO auth_permission VALUES(9,3,'add_group','Can add group');
INSERT INTO auth_permission VALUES(10,3,'change_group','Can change group');
INSERT INTO auth_permission VALUES(11,3,'delete_group','Can delete group');
INSERT INTO auth_permission VALUES(12,3,'view_group','Can view group');
INSERT INTO auth_permission VALUES(13,4,'add_user','Can add user');
INSERT INTO auth_permission VALUES(14,4,'change_user','Can change user');
INSERT INTO auth_permission VALUES(15,4,'delete_user','Can delete user');
INSERT INTO auth_permission VALUES(16,4,'view_user','Can view user');
INSERT INTO auth_permission VALUES(17,5,'add_contenttype','Can add content type');
INSERT INTO auth_permission VALUES(18,5,'change_contenttype','Can change content type');
INSERT INTO auth_permission VALUES(19,5,'delete_contenttype','Can delete content type');
INSERT INTO auth_permission VALUES(20,5,'view_contenttype','Can view content type');
INSERT INTO auth_permission VALUES(21,6,'add_session','Can add session');
INSERT INTO auth_permission VALUES(22,6,'change_session','Can change session');
INSERT INTO auth_permission VALUES(23,6,'delete_session','Can delete session');
INSERT INTO auth_permission VALUES(24,6,'view_session','Can view session');
INSERT INTO auth_permission VALUES(25,7,'add_network','Can add network');
INSERT INTO auth_permission VALUES(26,7,'change_network','Can change network');
INSERT INTO auth_permission VALUES(27,7,'delete_network','Can delete network');
INSERT INTO auth_permission VALUES(28,7,'view_network','Can view network');
INSERT INTO auth_permission VALUES(29,8,'add_countrydata','Can add country data');
INSERT INTO auth_permission VALUES(30,8,'change_countrydata','Can change country data');
INSERT INTO auth_permission VALUES(31,8,'delete_countrydata','Can delete country data');
INSERT INTO auth_permission VALUES(32,8,'view_countrydata','Can view country data');
INSERT INTO auth_permission VALUES(33,9,'add_operator','Can add operator');
INSERT INTO auth_permission VALUES(34,9,'change_operator','Can change operator');
INSERT INTO auth_permission VALUES(35,9,'delete_operator','Can delete operator');
INSERT INTO auth_permission VALUES(36,9,'view_operator','Can view operator');
CREATE TABLE IF NOT EXISTS "auth_group" ("id" integer NOT NULL PRIMARY KEY AUTOINCREMENT, "name" varchar(150) NOT NULL UNIQUE);
CREATE TABLE IF NOT EXISTS "auth_user" ("id" integer NOT NULL PRIMARY KEY AUTOINCREMENT, "password" varchar(128) NOT NULL, "last_login" datetime NULL, "is_superuser" bool NOT NULL, "username" varchar(150) NOT NULL UNIQUE, "last_name" varchar(150) NOT NULL, "email" varchar(254) NOT NULL, "is_staff" bool NOT NULL, "is_active" bool NOT NULL, "date_joined" datetime NOT NULL, "first_name" varchar(150) NOT NULL);
INSERT INTO auth_user VALUES(1,'pbkdf2_sha256$870000$bdJ3XP3eNrDbnHASbyCctd$SD7NxoPmsHZ9e5fqCxd2HGcOoFlYjCFbjwKsSLvFRGU=','2024-10-19 15:45:55.449503',1,'admin','','',1,1,'2024-10-14 23:15:02.211324','');
CREATE TABLE IF NOT EXISTS "django_session" ("session_key" varchar(40) NOT NULL PRIMARY KEY, "session_data" text NOT NULL, "expire_date" datetime NOT NULL);
INSERT INTO django_session VALUES('ltg091ii5i6pe98c6b17fwobmij0kct9','e30:1t0jv5:3f8J_wnWuSvIExxKmJ0AldOSGfsBddKQ6ZeMED90euI','2024-10-29 15:57:11.433683');
INSERT INTO django_session VALUES('95yh3u3fnre4s63prln2qbgss9de5uga','e30:1t0jve:6VUrX5WljO8nVB5GGSnqltX6hwjIFjaSuRjvCqsWBBc','2024-10-29 15:57:46.280221');
INSERT INTO django_session VALUES('h8g6cvvfkgo8cfpv7n61znjn5p5ixkfo','e30:1t0jw9:U8ubOxRdmXsuZNCfe0HL0z9sRr8JPbvJaAWrQkWwfHg','2024-10-29 15:58:17.711789');
INSERT INTO django_session VALUES('ezadwvc7cpi475e30kve9m9qsa8huc6n','.eJxVjLsOwjAMAP_FM4qS5gHpyM43RHYckwJKpaadEP-OKnWA9e50b0i4rTVtvSxpYhjBwOmXEeZnabvgB7b7rPLc1mUitSfqsF3dZi6v69H-DSr2CiNE4YjBlsGSaJHsjEEJfPbOZWeFshsuOZL1GlmKBM-BWWsdRNAKE3y-C0I5TQ:1t0k41:8cT45IjBBbPo9h0Eo2lrcpfJAA8VV5dRjboCGHeOOkg','2024-10-29 16:06:25.122933');
INSERT INTO django_session VALUES('lfv41713x131kc170zg4d4vdcqsandqs','.eJxVjLsOwjAMAP_FM4qS5gHpyM43RHYckwJKpaadEP-OKnWA9e50b0i4rTVtvSxpYhjBwOmXEeZnabvgB7b7rPLc1mUitSfqsF3dZi6v69H-DSr2CiNE4YjBlsGSaJHsjEEJfPbOZWeFshsuOZL1GlmKBM-BWWsdRNAKE3y-C0I5TQ:1t2BeN:1VdWX1KCLmf69Nijgax_4lfyZ1-QFaviwN7mzIbXI_Q','2024-11-02 15:45:55.463065');
CREATE TABLE IF NOT EXISTS "providers_network" ("id" integer NOT NULL PRIMARY KEY AUTOINCREMENT, "network_name" varchar(24) NOT NULL);
INSERT INTO providers_network VALUES(1,'Orange');
INSERT INTO providers_network VALUES(2,'Ooredoo');
INSERT INTO providers_network VALUES(3,'H3G');
INSERT INTO providers_network VALUES(6,'O2');
INSERT INTO providers_network VALUES(7,'Vodafone');
INSERT INTO providers_network VALUES(8,'China Telecom');
INSERT INTO providers_network VALUES(9,'Chunghwa');
INSERT INTO providers_network VALUES(10,'Vodafone');
CREATE TABLE IF NOT EXISTS "providers_operator" ("id" integer NOT NULL PRIMARY KEY AUTOINCREMENT, "operator_name" varchar(64) NOT NULL, "provider_name" varchar(124) NOT NULL, "apn" varchar(64) NOT NULL, "iccid" varchar(100) NOT NULL, "check_usage" varchar(200) NOT NULL, "ip_breakout" varchar(100) NOT NULL, "topup_eligibility" varchar(500) NOT NULL, "esim_status" varchar(255) NOT NULL, "activation" varchar(1000) NOT NULL, "replacement" varchar(1000) NOT NULL, "cancellation" varchar(1000) NOT NULL, "pkg_change" varchar(1000) NOT NULL);
INSERT INTO providers_operator VALUES(1,'Airalo','Airalo','Check Admin Panel','Same','App / Website','n/a','https://mobimatter.com/topup-esim/Airalo/all','Validity will start upon downloading the eSIM & Connects to a network','Delete & Redownload - max 5 times.','Refund is possible if not activated- ask the operator. If activated with little to no usage- can check if the operator agrees.','Check by Scan','n/a');
INSERT INTO providers_operator VALUES(2,'3HK','3','mobile.three.com.hk','same+1','website / app','n/a','https://mobimatter.com/topup-esim/3/all','n/a','n/a','n/a','Yes','n/a');
INSERT INTO providers_operator VALUES(3,'esimgo','Dri','dri','same','n/a','n/a','https://mobimatter.com/topup-esim/esimgo/all','n/a','n/a','n/a','n/a','n/a');
CREATE TABLE IF NOT EXISTS "providers_countrydata" ("id" integer NOT NULL PRIMARY KEY AUTOINCREMENT, "country" varchar(2) NOT NULL, "kyc_policy" varchar(1000) NOT NULL, "operator_id" bigint NOT NULL REFERENCES "providers_operator" ("id") DEFERRABLE INITIALLY DEFERRED);
INSERT INTO providers_countrydata VALUES(1,'EG','not required',1);
INSERT INTO providers_countrydata VALUES(2,'DZ','not required',1);
INSERT INTO providers_countrydata VALUES(3,'GB','not required',1);
INSERT INTO providers_countrydata VALUES(4,'CN','not required',2);
INSERT INTO providers_countrydata VALUES(5,'HK','Required',2);
INSERT INTO providers_countrydata VALUES(6,'TW','Required',2);
INSERT INTO providers_countrydata VALUES(7,'DE','not required',3);
CREATE TABLE IF NOT EXISTS "providers_countrydata_networks" ("id" integer NOT NULL PRIMARY KEY AUTOINCREMENT, "countrydata_id" bigint NOT NULL REFERENCES "providers_countrydata" ("id") DEFERRABLE INITIALLY DEFERRED, "network_id" bigint NOT NULL REFERENCES "providers_network" ("id") DEFERRABLE INITIALLY DEFERRED);
INSERT INTO providers_countrydata_networks VALUES(1,2,2);
INSERT INTO providers_countrydata_networks VALUES(2,1,1);
INSERT INTO providers_countrydata_networks VALUES(3,3,3);
INSERT INTO providers_countrydata_networks VALUES(4,3,6);
INSERT INTO providers_countrydata_networks VALUES(5,3,7);
INSERT INTO providers_countrydata_networks VALUES(6,4,8);
INSERT INTO providers_countrydata_networks VALUES(7,5,8);
INSERT INTO providers_countrydata_networks VALUES(8,6,9);
INSERT INTO providers_countrydata_networks VALUES(9,7,7);
DELETE FROM sqlite_sequence;
INSERT INTO sqlite_sequence VALUES('django_migrations',20);
INSERT INTO sqlite_sequence VALUES('django_admin_log',5);
INSERT INTO sqlite_sequence VALUES('django_content_type',9);
INSERT INTO sqlite_sequence VALUES('auth_permission',36);
INSERT INTO sqlite_sequence VALUES('auth_group',0);
INSERT INTO sqlite_sequence VALUES('auth_user',2);
INSERT INTO sqlite_sequence VALUES('providers_countrydata',7);
INSERT INTO sqlite_sequence VALUES('providers_network',10);
INSERT INTO sqlite_sequence VALUES('providers_countrydata_networks',9);
INSERT INTO sqlite_sequence VALUES('providers_operator',3);
CREATE UNIQUE INDEX "auth_group_permissions_group_id_permission_id_0cd325b0_uniq" ON "auth_group_permissions" ("group_id", "permission_id");
CREATE INDEX "auth_group_permissions_group_id_b120cbf9" ON "auth_group_permissions" ("group_id");
CREATE INDEX "auth_group_permissions_permission_id_84c5c92e" ON "auth_group_permissions" ("permission_id");
CREATE UNIQUE INDEX "auth_user_groups_user_id_group_id_94350c0c_uniq" ON "auth_user_groups" ("user_id", "group_id");
CREATE INDEX "auth_user_groups_user_id_6a12ed8b" ON "auth_user_groups" ("user_id");
CREATE INDEX "auth_user_groups_group_id_97559544" ON "auth_user_groups" ("group_id");
CREATE UNIQUE INDEX "auth_user_user_permissions_user_id_permission_id_14a6b632_uniq" ON "auth_user_user_permissions" ("user_id", "permission_id");
CREATE INDEX "auth_user_user_permissions_user_id_a95ead1b" ON "auth_user_user_permissions" ("user_id");
CREATE INDEX "auth_user_user_permissions_permission_id_1fbb5f2c" ON "auth_user_user_permissions" ("permission_id");
CREATE INDEX "django_admin_log_content_type_id_c4bce8eb" ON "django_admin_log" ("content_type_id");
CREATE INDEX "django_admin_log_user_id_c564eba6" ON "django_admin_log" ("user_id");
CREATE UNIQUE INDEX "django_content_type_app_label_model_76bd3d3b_uniq" ON "django_content_type" ("app_label", "model");
CREATE UNIQUE INDEX "auth_permission_content_type_id_codename_01ab375a_uniq" ON "auth_permission" ("content_type_id", "codename");
CREATE INDEX "auth_permission_content_type_id_2f476e4b" ON "auth_permission" ("content_type_id");
CREATE INDEX "django_session_expire_date_a5c62663" ON "django_session" ("expire_date");
CREATE INDEX "providers_countrydata_operator_id_6d5f4fa8" ON "providers_countrydata" ("operator_id");
CREATE UNIQUE INDEX "providers_countrydata_networks_countrydata_id_network_id_978b9132_uniq" ON "providers_countrydata_networks" ("countrydata_id", "network_id");
CREATE INDEX "providers_countrydata_networks_countrydata_id_2c2c8bd2" ON "providers_countrydata_networks" ("countrydata_id");
CREATE INDEX "providers_countrydata_networks_network_id_d81a3c33" ON "providers_countrydata_networks" ("network_id");
COMMIT;
