PRAGMA foreign_keys=OFF;
BEGIN TRANSACTION;
CREATE TABLE IF NOT EXISTS "django_migrations" ("id" integer NOT NULL PRIMARY KEY AUTOINCREMENT, "app" varchar(255) NOT NULL, "name" varchar(255) NOT NULL, "applied" datetime NOT NULL);
INSERT INTO django_migrations VALUES(1,'contenttypes','0001_initial','2024-10-14 23:07:00.503935');
INSERT INTO django_migrations VALUES(2,'auth','0001_initial','2024-10-14 23:07:00.555571');
INSERT INTO django_migrations VALUES(3,'admin','0001_initial','2024-10-14 23:07:00.589025');
INSERT INTO django_migrations VALUES(4,'admin','0002_logentry_remove_auto_add','2024-10-14 23:07:00.623172');
INSERT INTO django_migrations VALUES(5,'admin','0003_logentry_add_action_flag_choices','2024-10-14 23:07:00.673501');
INSERT INTO django_migrations VALUES(6,'contenttypes','0002_remove_content_type_name','2024-10-14 23:07:00.703202');
INSERT INTO django_migrations VALUES(7,'auth','0002_alter_permission_name_max_length','2024-10-14 23:07:00.728929');
INSERT INTO django_migrations VALUES(8,'auth','0003_alter_user_email_max_length','2024-10-14 23:07:00.753855');
INSERT INTO django_migrations VALUES(9,'auth','0004_alter_user_username_opts','2024-10-14 23:07:00.773708');
INSERT INTO django_migrations VALUES(10,'auth','0005_alter_user_last_login_null','2024-10-14 23:07:00.801210');
INSERT INTO django_migrations VALUES(11,'auth','0006_require_contenttypes_0002','2024-10-14 23:07:00.817174');
INSERT INTO django_migrations VALUES(12,'auth','0007_alter_validators_add_error_messages','2024-10-14 23:07:00.837986');
INSERT INTO django_migrations VALUES(13,'auth','0008_alter_user_username_max_length','2024-10-14 23:07:00.867039');
INSERT INTO django_migrations VALUES(14,'auth','0009_alter_user_last_name_max_length','2024-10-14 23:07:00.889541');
INSERT INTO django_migrations VALUES(15,'auth','0010_alter_group_name_max_length','2024-10-14 23:07:00.917639');
INSERT INTO django_migrations VALUES(16,'auth','0011_update_proxy_permissions','2024-10-14 23:07:00.988569');
INSERT INTO django_migrations VALUES(17,'auth','0012_alter_user_first_name_max_length','2024-10-14 23:07:01.023326');
INSERT INTO django_migrations VALUES(18,'django_registration','0001_initial','2024-10-14 23:07:01.053111');
INSERT INTO django_migrations VALUES(19,'sessions','0001_initial','2024-10-14 23:07:01.077694');
INSERT INTO django_migrations VALUES(20,'providers','0001_initial','2024-10-15 16:09:25.749531');
INSERT INTO django_migrations VALUES(21,'assistant','0001_initial','2024-10-21 11:29:51.435753');
INSERT INTO django_migrations VALUES(22,'assistant','0002_rename_topic_id_case_topic','2024-10-21 11:32:08.941950');
INSERT INTO django_migrations VALUES(23,'assistant','0003_remove_resolution_case_id_resolution_case','2024-10-21 11:39:41.135533');
INSERT INTO django_migrations VALUES(24,'assistant','0004_remove_resolution_name_resolution_resolve','2024-10-21 11:44:33.922018');
INSERT INTO django_migrations VALUES(25,'assistant','0005_resolution_name','2024-10-21 11:58:39.766916');
INSERT INTO django_migrations VALUES(26,'assistant','0006_alter_resolution_resolve','2024-10-23 17:19:13.398156');
INSERT INTO django_migrations VALUES(27,'providers','0002_rename_replacement_operator_esim_replacement_and_more','2024-11-08 12:15:47.765102');
INSERT INTO django_migrations VALUES(28,'providers','0003_alter_operator_contact_list','2024-11-10 14:47:42.007321');
CREATE TABLE IF NOT EXISTS "auth_group_permissions" ("id" integer NOT NULL PRIMARY KEY AUTOINCREMENT, "group_id" integer NOT NULL REFERENCES "auth_group" ("id") DEFERRABLE INITIALLY DEFERRED, "permission_id" integer NOT NULL REFERENCES "auth_permission" ("id") DEFERRABLE INITIALLY DEFERRED);
CREATE TABLE IF NOT EXISTS "auth_user_groups" ("id" integer NOT NULL PRIMARY KEY AUTOINCREMENT, "user_id" integer NOT NULL REFERENCES "auth_user" ("id") DEFERRABLE INITIALLY DEFERRED, "group_id" integer NOT NULL REFERENCES "auth_group" ("id") DEFERRABLE INITIALLY DEFERRED);
CREATE TABLE IF NOT EXISTS "auth_user_user_permissions" ("id" integer NOT NULL PRIMARY KEY AUTOINCREMENT, "user_id" integer NOT NULL REFERENCES "auth_user" ("id") DEFERRABLE INITIALLY DEFERRED, "permission_id" integer NOT NULL REFERENCES "auth_permission" ("id") DEFERRABLE INITIALLY DEFERRED);
CREATE TABLE IF NOT EXISTS "django_admin_log" ("id" integer NOT NULL PRIMARY KEY AUTOINCREMENT, "object_id" text NULL, "object_repr" varchar(200) NOT NULL, "action_flag" smallint unsigned NOT NULL CHECK ("action_flag" >= 0), "change_message" text NOT NULL, "content_type_id" integer NULL REFERENCES "django_content_type" ("id") DEFERRABLE INITIALLY DEFERRED, "user_id" integer NOT NULL REFERENCES "auth_user" ("id") DEFERRABLE INITIALLY DEFERRED, "action_time" datetime NOT NULL);
INSERT INTO django_admin_log VALUES(1,'2','jack',1,'[{"added": {}}]',4,1,'2024-10-14 23:15:47.026846');
INSERT INTO django_admin_log VALUES(2,'2','jack',3,'',4,1,'2024-10-14 23:15:58.111424');
INSERT INTO django_admin_log VALUES(3,'3','esimgo',1,'[{"added": {}}]',9,1,'2024-10-18 16:37:05.731394');
INSERT INTO django_admin_log VALUES(4,'10','Vodafone',1,'[{"added": {}}]',7,1,'2024-10-18 16:37:16.078675');
INSERT INTO django_admin_log VALUES(5,'7','esimgo in DE',1,'[{"added": {}}]',8,1,'2024-10-18 16:37:40.137213');
INSERT INTO django_admin_log VALUES(6,'1','Topic object (1)',1,'[{"added": {}}]',10,1,'2024-10-21 11:30:13.180082');
INSERT INTO django_admin_log VALUES(7,'1','Expired Rewards',1,'[{"added": {}}]',12,1,'2024-10-21 11:32:33.970309');
INSERT INTO django_admin_log VALUES(8,'2','Rewards',1,'[{"added": {}}]',10,1,'2024-10-21 11:41:32.741722');
INSERT INTO django_admin_log VALUES(9,'2','Expired Reward Balance',1,'[{"added": {}}]',12,1,'2024-10-21 11:41:53.848241');
INSERT INTO django_admin_log VALUES(10,'1',replace(replace('Case Details: this happens due to no purchase made on the account within the 12-month period which started on last purchase made.\r\n\r\n\r\nRecommended Macro: Expired reward\r\n\r\nnotes: if the customer has r','\r',char(13)),'\n',char(10)),1,'[{"added": {}}]',11,1,'2024-10-21 11:54:34.165006');
INSERT INTO django_admin_log VALUES(11,'1',replace(replace('Case Details: this happens due to no purchase made on the account within the 12-month period which started on last purchase made.\r\n\r\n\r\nRecommended Macro: Expired reward\r\n\r\nnotes: if the customer has r','\r',char(13)),'\n',char(10)),2,'[]',11,1,'2024-10-21 11:54:55.587252');
INSERT INTO django_admin_log VALUES(12,'1','Expired Rewards - resolution',2,'[{"changed": {"fields": ["Name"]}}]',11,1,'2024-10-21 11:59:25.252995');
INSERT INTO django_admin_log VALUES(13,'3','Payments',1,'[{"added": {}}]',10,1,'2024-10-23 16:12:50.674917');
INSERT INTO django_admin_log VALUES(14,'4','eSIM Errors',1,'[{"added": {}}]',10,1,'2024-10-23 16:13:26.711073');
INSERT INTO django_admin_log VALUES(15,'5','Refund',1,'[{"added": {}}]',10,1,'2024-10-23 16:15:49.207984');
INSERT INTO django_admin_log VALUES(16,'3','Fee rules',1,'[{"added": {}}]',12,1,'2024-10-23 16:16:03.474127');
INSERT INTO django_admin_log VALUES(17,'2','Refund fee rules',1,'[{"added": {}}]',11,1,'2024-10-23 16:16:30.341300');
INSERT INTO django_admin_log VALUES(18,'1','Expired Rewards - resolution',2,'[{"changed": {"fields": ["Resolve"]}}]',11,1,'2024-10-23 17:19:35.635610');
INSERT INTO django_admin_log VALUES(19,'2','Refund fee rules',2,'[{"changed": {"fields": ["Resolve"]}}]',11,1,'2024-10-23 17:25:29.103453');
INSERT INTO django_admin_log VALUES(20,'1','Expired Rewards - resolution',2,'[{"changed": {"fields": ["Resolve"]}}]',11,1,'2024-10-23 17:27:10.032815');
INSERT INTO django_admin_log VALUES(21,'4','How to buy using reward credit',1,'[{"added": {}}]',12,1,'2024-10-23 17:36:51.428248');
INSERT INTO django_admin_log VALUES(22,'3','buying using the credit',1,'[{"added": {}}]',11,1,'2024-10-23 17:37:30.221977');
INSERT INTO django_admin_log VALUES(23,'4','eSIM Errors',3,'',10,1,'2024-10-23 17:45:24.741992');
INSERT INTO django_admin_log VALUES(24,'3','Payments',3,'',10,1,'2024-10-23 17:45:24.742084');
INSERT INTO django_admin_log VALUES(25,'2','3HK',2,'[{"changed": {"fields": ["Contact list", "Contact notes", "Phone no", "Call min", "Apn", "Iccid", "Check usage", "Esim status", "Ip breakout", "Activation", "Pkg change", "Esim replacement", "Cancellation", "Cancel if activated", "Admin refund method", "Second tier notes"]}}]',9,1,'2024-11-10 14:51:22.830013');
INSERT INTO django_admin_log VALUES(26,'2','3HK',2,'[{"changed": {"fields": ["Contact list"]}}]',9,1,'2024-11-10 14:51:42.797471');
INSERT INTO django_admin_log VALUES(27,'6','payments',1,'[{"added": {}}]',10,1,'2024-11-14 14:51:23.866528');
CREATE TABLE IF NOT EXISTS "django_content_type" ("id" integer NOT NULL PRIMARY KEY AUTOINCREMENT, "app_label" varchar(100) NOT NULL, "model" varchar(100) NOT NULL);
INSERT INTO django_content_type VALUES(1,'admin','logentry');
INSERT INTO django_content_type VALUES(2,'auth','permission');
INSERT INTO django_content_type VALUES(3,'auth','group');
INSERT INTO django_content_type VALUES(4,'auth','user');
INSERT INTO django_content_type VALUES(5,'contenttypes','contenttype');
INSERT INTO django_content_type VALUES(6,'sessions','session');
INSERT INTO django_content_type VALUES(7,'providers','network');
INSERT INTO django_content_type VALUES(8,'providers','countrydata');
INSERT INTO django_content_type VALUES(9,'providers','operator');
INSERT INTO django_content_type VALUES(10,'assistant','topic');
INSERT INTO django_content_type VALUES(11,'assistant','resolution');
INSERT INTO django_content_type VALUES(12,'assistant','case');
CREATE TABLE IF NOT EXISTS "auth_permission" ("id" integer NOT NULL PRIMARY KEY AUTOINCREMENT, "content_type_id" integer NOT NULL REFERENCES "django_content_type" ("id") DEFERRABLE INITIALLY DEFERRED, "codename" varchar(100) NOT NULL, "name" varchar(255) NOT NULL);
INSERT INTO auth_permission VALUES(1,1,'add_logentry','Can add log entry');
INSERT INTO auth_permission VALUES(2,1,'change_logentry','Can change log entry');
INSERT INTO auth_permission VALUES(3,1,'delete_logentry','Can delete log entry');
INSERT INTO auth_permission VALUES(4,1,'view_logentry','Can view log entry');
INSERT INTO auth_permission VALUES(5,2,'add_permission','Can add permission');
INSERT INTO auth_permission VALUES(6,2,'change_permission','Can change permission');
INSERT INTO auth_permission VALUES(7,2,'delete_permission','Can delete permission');
INSERT INTO auth_permission VALUES(8,2,'view_permission','Can view permission');
INSERT INTO auth_permission VALUES(9,3,'add_group','Can add group');
INSERT INTO auth_permission VALUES(10,3,'change_group','Can change group');
INSERT INTO auth_permission VALUES(11,3,'delete_group','Can delete group');
INSERT INTO auth_permission VALUES(12,3,'view_group','Can view group');
INSERT INTO auth_permission VALUES(13,4,'add_user','Can add user');
INSERT INTO auth_permission VALUES(14,4,'change_user','Can change user');
INSERT INTO auth_permission VALUES(15,4,'delete_user','Can delete user');
INSERT INTO auth_permission VALUES(16,4,'view_user','Can view user');
INSERT INTO auth_permission VALUES(17,5,'add_contenttype','Can add content type');
INSERT INTO auth_permission VALUES(18,5,'change_contenttype','Can change content type');
INSERT INTO auth_permission VALUES(19,5,'delete_contenttype','Can delete content type');
INSERT INTO auth_permission VALUES(20,5,'view_contenttype','Can view content type');
INSERT INTO auth_permission VALUES(21,6,'add_session','Can add session');
INSERT INTO auth_permission VALUES(22,6,'change_session','Can change session');
INSERT INTO auth_permission VALUES(23,6,'delete_session','Can delete session');
INSERT INTO auth_permission VALUES(24,6,'view_session','Can view session');
INSERT INTO auth_permission VALUES(25,7,'add_network','Can add network');
INSERT INTO auth_permission VALUES(26,7,'change_network','Can change network');
INSERT INTO auth_permission VALUES(27,7,'delete_network','Can delete network');
INSERT INTO auth_permission VALUES(28,7,'view_network','Can view network');
INSERT INTO auth_permission VALUES(29,8,'add_countrydata','Can add country data');
INSERT INTO auth_permission VALUES(30,8,'change_countrydata','Can change country data');
INSERT INTO auth_permission VALUES(31,8,'delete_countrydata','Can delete country data');
INSERT INTO auth_permission VALUES(32,8,'view_countrydata','Can view country data');
INSERT INTO auth_permission VALUES(33,9,'add_operator','Can add operator');
INSERT INTO auth_permission VALUES(34,9,'change_operator','Can change operator');
INSERT INTO auth_permission VALUES(35,9,'delete_operator','Can delete operator');
INSERT INTO auth_permission VALUES(36,9,'view_operator','Can view operator');
INSERT INTO auth_permission VALUES(37,10,'add_topic','Can add topic');
INSERT INTO auth_permission VALUES(38,10,'change_topic','Can change topic');
INSERT INTO auth_permission VALUES(39,10,'delete_topic','Can delete topic');
INSERT INTO auth_permission VALUES(40,10,'view_topic','Can view topic');
INSERT INTO auth_permission VALUES(41,11,'add_resolution','Can add resolution');
INSERT INTO auth_permission VALUES(42,11,'change_resolution','Can change resolution');
INSERT INTO auth_permission VALUES(43,11,'delete_resolution','Can delete resolution');
INSERT INTO auth_permission VALUES(44,11,'view_resolution','Can view resolution');
INSERT INTO auth_permission VALUES(45,12,'add_case','Can add case');
INSERT INTO auth_permission VALUES(46,12,'change_case','Can change case');
INSERT INTO auth_permission VALUES(47,12,'delete_case','Can delete case');
INSERT INTO auth_permission VALUES(48,12,'view_case','Can view case');
CREATE TABLE IF NOT EXISTS "auth_group" ("id" integer NOT NULL PRIMARY KEY AUTOINCREMENT, "name" varchar(150) NOT NULL UNIQUE);
CREATE TABLE IF NOT EXISTS "auth_user" ("id" integer NOT NULL PRIMARY KEY AUTOINCREMENT, "password" varchar(128) NOT NULL, "last_login" datetime NULL, "is_superuser" bool NOT NULL, "username" varchar(150) NOT NULL UNIQUE, "last_name" varchar(150) NOT NULL, "email" varchar(254) NOT NULL, "is_staff" bool NOT NULL, "is_active" bool NOT NULL, "date_joined" datetime NOT NULL, "first_name" varchar(150) NOT NULL);
INSERT INTO auth_user VALUES(1,'pbkdf2_sha256$870000$bdJ3XP3eNrDbnHASbyCctd$SD7NxoPmsHZ9e5fqCxd2HGcOoFlYjCFbjwKsSLvFRGU=','2024-11-14 14:44:11.598992',1,'admin','','',1,1,'2024-10-14 23:15:02.211324','');
CREATE TABLE IF NOT EXISTS "django_session" ("session_key" varchar(40) NOT NULL PRIMARY KEY, "session_data" text NOT NULL, "expire_date" datetime NOT NULL);
INSERT INTO django_session VALUES('ltg091ii5i6pe98c6b17fwobmij0kct9','e30:1t0jv5:3f8J_wnWuSvIExxKmJ0AldOSGfsBddKQ6ZeMED90euI','2024-10-29 15:57:11.433683');
INSERT INTO django_session VALUES('95yh3u3fnre4s63prln2qbgss9de5uga','e30:1t0jve:6VUrX5WljO8nVB5GGSnqltX6hwjIFjaSuRjvCqsWBBc','2024-10-29 15:57:46.280221');
INSERT INTO django_session VALUES('h8g6cvvfkgo8cfpv7n61znjn5p5ixkfo','e30:1t0jw9:U8ubOxRdmXsuZNCfe0HL0z9sRr8JPbvJaAWrQkWwfHg','2024-10-29 15:58:17.711789');
INSERT INTO django_session VALUES('ezadwvc7cpi475e30kve9m9qsa8huc6n','.eJxVjLsOwjAMAP_FM4qS5gHpyM43RHYckwJKpaadEP-OKnWA9e50b0i4rTVtvSxpYhjBwOmXEeZnabvgB7b7rPLc1mUitSfqsF3dZi6v69H-DSr2CiNE4YjBlsGSaJHsjEEJfPbOZWeFshsuOZL1GlmKBM-BWWsdRNAKE3y-C0I5TQ:1t0k41:8cT45IjBBbPo9h0Eo2lrcpfJAA8VV5dRjboCGHeOOkg','2024-10-29 16:06:25.122933');
INSERT INTO django_session VALUES('j0wnks0drbxwbuf5vsshg7lw1q7reyn2','.eJxVjLsOwjAMAP_FM4qS5gHpyM43RHYckwJKpaadEP-OKnWA9e50b0i4rTVtvSxpYhjBwOmXEeZnabvgB7b7rPLc1mUitSfqsF3dZi6v69H-DSr2CiNE4YjBlsGSaJHsjEEJfPbOZWeFshsuOZL1GlmKBM-BWWsdRNAKE3y-C0I5TQ:1t3fYx:T9OG0oeynpyqb1OzSDCI4bXzPr6cBz1WH9s9uqeH53g','2024-11-06 17:54:27.629850');
INSERT INTO django_session VALUES('cduadt1vqexh9cebsse2leyf0q6n9ugn','.eJxVjLsOwjAMAP_FM4qS5gHpyM43RHYckwJKpaadEP-OKnWA9e50b0i4rTVtvSxpYhjBwOmXEeZnabvgB7b7rPLc1mUitSfqsF3dZi6v69H-DSr2CiNE4YjBlsGSaJHsjEEJfPbOZWeFshsuOZL1GlmKBM-BWWsdRNAKE3y-C0I5TQ:1t5NA7:C10BCkEZkM8k2FTPogFCktqBRxAbk9P_6t-rJbOBCPo','2024-11-11 10:39:51.642041');
INSERT INTO django_session VALUES('d3i0gmdth254b7ta19qewefhlnq68ald','.eJxVjLsOwjAMAP_FM4qS5gHpyM43RHYckwJKpaadEP-OKnWA9e50b0i4rTVtvSxpYhjBwOmXEeZnabvgB7b7rPLc1mUitSfqsF3dZi6v69H-DSr2CiNE4YjBlsGSaJHsjEEJfPbOZWeFshsuOZL1GlmKBM-BWWsdRNAKE3y-C0I5TQ:1t8P1d:oCle7I_zri_R0B1u6xtfifdlxl574az_euZbnv3dQSU','2024-11-19 19:15:37.002315');
INSERT INTO django_session VALUES('8b12wz2oblpw72mr0wrqp06zz6anl7ky','.eJxVjLsOwjAMAP_FM4qS5gHpyM43RHYckwJKpaadEP-OKnWA9e50b0i4rTVtvSxpYhjBwOmXEeZnabvgB7b7rPLc1mUitSfqsF3dZi6v69H-DSr2CiNE4YjBlsGSaJHsjEEJfPbOZWeFshsuOZL1GlmKBM-BWWsdRNAKE3y-C0I5TQ:1t9p5a:l5iI6OihYP4jWw-0yQUQOEWPPyFhNtxXsoa1H5JEoPs','2024-11-23 17:17:34.099708');
CREATE TABLE IF NOT EXISTS "providers_network" ("id" integer NOT NULL PRIMARY KEY AUTOINCREMENT, "network_name" varchar(24) NOT NULL);
INSERT INTO providers_network VALUES(1,'Orange');
INSERT INTO providers_network VALUES(2,'Ooredoo');
INSERT INTO providers_network VALUES(3,'H3G');
INSERT INTO providers_network VALUES(6,'O2');
INSERT INTO providers_network VALUES(7,'Vodafone');
INSERT INTO providers_network VALUES(8,'China Telecom');
INSERT INTO providers_network VALUES(9,'Chunghwa');
INSERT INTO providers_network VALUES(10,'Vodafone');
CREATE TABLE IF NOT EXISTS "providers_countrydata" ("id" integer NOT NULL PRIMARY KEY AUTOINCREMENT, "country" varchar(2) NOT NULL, "kyc_policy" varchar(1000) NOT NULL, "operator_id" bigint NOT NULL REFERENCES "providers_operator" ("id") DEFERRABLE INITIALLY DEFERRED);
INSERT INTO providers_countrydata VALUES(1,'EG','not required',1);
INSERT INTO providers_countrydata VALUES(2,'DZ','not required',1);
INSERT INTO providers_countrydata VALUES(3,'GB','not required',1);
INSERT INTO providers_countrydata VALUES(4,'CN','not required',2);
INSERT INTO providers_countrydata VALUES(5,'HK','Required',2);
INSERT INTO providers_countrydata VALUES(6,'TW','Required',2);
INSERT INTO providers_countrydata VALUES(7,'DE','not required',3);
CREATE TABLE IF NOT EXISTS "providers_countrydata_networks" ("id" integer NOT NULL PRIMARY KEY AUTOINCREMENT, "countrydata_id" bigint NOT NULL REFERENCES "providers_countrydata" ("id") DEFERRABLE INITIALLY DEFERRED, "network_id" bigint NOT NULL REFERENCES "providers_network" ("id") DEFERRABLE INITIALLY DEFERRED);
INSERT INTO providers_countrydata_networks VALUES(1,2,2);
INSERT INTO providers_countrydata_networks VALUES(2,1,1);
INSERT INTO providers_countrydata_networks VALUES(3,3,3);
INSERT INTO providers_countrydata_networks VALUES(4,3,6);
INSERT INTO providers_countrydata_networks VALUES(5,3,7);
INSERT INTO providers_countrydata_networks VALUES(6,4,8);
INSERT INTO providers_countrydata_networks VALUES(7,5,8);
INSERT INTO providers_countrydata_networks VALUES(8,6,9);
INSERT INTO providers_countrydata_networks VALUES(9,7,7);
CREATE TABLE IF NOT EXISTS "assistant_topic" ("id" integer NOT NULL PRIMARY KEY AUTOINCREMENT, "name" varchar(255) NOT NULL);
INSERT INTO assistant_topic VALUES(2,'Rewards');
INSERT INTO assistant_topic VALUES(5,'Refund');
INSERT INTO assistant_topic VALUES(6,'payments');
CREATE TABLE IF NOT EXISTS "assistant_case" ("id" integer NOT NULL PRIMARY KEY AUTOINCREMENT, "name" varchar(255) NOT NULL, "topic_id" bigint NOT NULL REFERENCES "assistant_topic" ("id") DEFERRABLE INITIALLY DEFERRED);
INSERT INTO assistant_case VALUES(2,'Expired Reward Balance',2);
INSERT INTO assistant_case VALUES(3,'Fee rules',5);
INSERT INTO assistant_case VALUES(4,'How to buy using reward credit',2);
CREATE TABLE IF NOT EXISTS "assistant_resolution" ("id" integer NOT NULL PRIMARY KEY AUTOINCREMENT, "case_id" bigint NOT NULL REFERENCES "assistant_case" ("id") DEFERRABLE INITIALLY DEFERRED, "name" varchar(255) NOT NULL, "resolve" text NOT NULL);
INSERT INTO assistant_resolution VALUES(1,2,'Expired Rewards - resolution',replace(replace('<p><strong>Case Details</strong>: this happens due to no purchase made on the account within the <strong>12-month period </strong>which started on last purchase made.</p>\r\n\r\n<p><strong>Recommended Macro</strong>: Expired reward</p>\r\n\r\n<p><strong>notes</strong>: if the customer has referral activity within the <u>12-month period</u> - this does not count as the customer should make the purchase on his own account to avoid losing the reward balance, and you can send the macro :<strong> Expired reward (has referral activity)</strong></p>','\r',char(13)),'\n',char(10)));
INSERT INTO assistant_resolution VALUES(2,3,'Refund fee rules',replace(replace('<p>Fee rule:</p>\r\n\r\n<p><span style="color:#e67e22">Purchases up to 17$- the fee is $3</span></p>\r\n\r\n<p><span style="background-color:#e74c3c">Purchases up to 35$- the fee is $5 </span></p>\r\n\r\n<p>Purchases up to 55$- the fee is $7</p>\r\n\r\n<p>Purchases over 55$- the fee is $10</p>','\r',char(13)),'\n',char(10)));
INSERT INTO assistant_resolution VALUES(3,4,'buying using the credit',replace(replace('<p>send this macro and you can include the image below<br />\r\n&nbsp;</p>\r\n\r\n<p>Hello,<br />\r\n&nbsp;<br />\r\nPlease note that to use your reward balance for purchasing a package, ensure that your balance is sufficient to cover the full price of that package.<br />\r\n&nbsp;<br />\r\nAfter that, go to the app or website, select the desired package, click on &#39;Buy Now,&#39; and choose to use your credit for the purchase.<br />\r\n&nbsp;<br />\r\nLet us know if you need any further assistance.<br />\r\n&nbsp;<br />\r\nKind regards,<br />\r\nMobiMatter Support</p>\r\n\r\n<p><img src="data:image/png;base64,iVBORw0KGgoAAAANSUhEUgAAAx4AAAG/CAIAAABZh5YLAAAgAElEQVR4Aey9+3dc1ZUuev6O+ql+Bg0G4DEyzDB00kk3ncNp0zchPt28YtM4cTucw02awMkBmgxE4yus69yWRzrBadq44VqJlciBQ6tPGluQyCIIWQ0CE/P0W8aWZVtWyZLL+LHvXXO95lp776pdpV1Ve1d9HhrWfsw111zfnGvNb6+19tZ/Ki2W8QMEgAAQAAJAAAgAASCQCgL/KRUtUAIEgAAQAAJAAAgAASBQWiyDWmHSDggAASAABIAAEAACqSEAapUalKDqQAAIAAEgAASAABAAtQK1AgJAAAgAASAABIBAagiAWqUGJXg6EAACQAAIAAEgAARArUCtgAAQAAJAAAgAASCQGgKgVqlBCZ4OBIAAEAACQAAIAAFQK1ArIAAEgAAQAAJAAAikhgCoVWpQgqcDASAABIAAEAACQGBp1Gp2Zur4zNTxUgNxpCpm5kGAOgiBmeMzU7Md1N4Gdh/8rQUgAASAABBoOgJ1Uqup1597+C9uKhS71M81X/x290vvnE4/HY50dxWKN258M33NyGcZReDQjtXFrkL3eEbNa3oXBQ5AAAgAASCQLwTqoVb7t6+7TpCqm+58sKfvmR/1PdPz4FdvFBzryz0jabMrolZdG0dBrToGAVArsDcgAASAABDIMwK1U6vjLz1Y7Cpcs67/Q5bs52dGulcWil3XPbZnJlU4QK3yRdVTsBbUKtUelIJHYA8QAAJAAAjUgkDN1Org9nWFYtefbHrXH7Jn93Rf01Uodr+qdsmU9o/uefXt46XF8syH7766Wx37pRbLpfnSwfGXtorZrx9t/eX4/mnG2BbLllpNf/Dq9uf6nvnRT7fveee4IyN1znzy7isk0Lf1pZH3Z6IqmnlnVFb0XP/QuwfDu3lmD4798gWah3thcPxgxAav4x+MSIG4Kgj6qbf3vDp6MEwx/evzlewRwrvfnfI2mR1999Xd4/v11ODMh+NK5vTBsd1R8gL8eBlrwAuDox/Yuk4fHNm9552jDsjCHvKmBdY1prRYnnp/T/+PhR9/un147JBTvJIZBvatL4lSoFa1dGDrDpQCAkAACACBbCBQM7Ua+aHYXxW1QjfzygNdheKtfW/LnDq+sdhV+Muejev0lqx7dxwMt/nocLdcTDTbtoorH/71QZMwJLV6uPtHXxe8zfw4MqXF0sgzd9AapRHouu17/7af85JPXnrwBntXqLrmrr5xtgFfCdx4y1fv+Ppysb553Vd/xNc39//6sduEAULgFjLGr0K1rvTqYzcWindt5bN6i+XS8X97+Jquwl+8sF+KVbHneP+9XYXiun6XoEhea8AncO7rfubBLyhkfPmS4qZRMp/828NfFoBct1y1t/Dlx175hHxH5OY6vtvJ581CbKT7Rmvh6Q+2SkffsPLrX/2iXC9+8BeeHyPMmBn/yZ2OZ2968Jke7LUy8Y8DIAAEgAAQyB0CtVKr6JQvm21nmAR7IGolCMpjW4f2vLp7T9RMktR247f/SU3PzLz/EuX7lZqfqVmrQnFl9xBNI82XDu7+kUjG13z/FT13NfXr719X7LruvhfekTNe88dfeUysTt72D3pqbf7dPkEjVnYPiVk0Mb/y9gvfdpQc3PoXzirn1Os9t/H1zbd/Ik5tFTNj/3DXdcWuO//pgwiXj//kT0ITe/u33lUodj34S5pOq25PNM5R1KqrcM0dj20dFvOCfOZJ8TwNoCcjDbhm3da31fTe1JtEcf7iBeKjVPuKn4wZbjraI5nrY/9uyOi7fSu6Cn+umOI7P15ZKN747X/RXGr+4FZBDS2/lLHhmzo7vnGF9It27lA38VdsY5fPJ/gfCAABIAAE8odAo6nVg4OaAEVQkPdf+Hqxq/C9Yb52NvPv3YInPaNeEJMp2WMw7/z0jkKx6+FfS1rwwdY/7yoU3YrmKfFfo1YnZ/69O7yIOfXLBwvFrju3SjYg59h2qCklyUtOz0yppbeoiaj5D376512Fa3pGDP/QbKa0KImaWRstl6Q9mqwksKcGaqXomq3diUIJoCczs1uArNuu5AnVG+WU2P5/uoNNQNIE1Yq77lzRVfiBdhb57uuaWU69u+fV3R9MMRumfv195iPF8Hwzovyy/58EB8UbghH9hcGLu0AACAABIJBZBBpMrfSsRmT7ZfZdvV3NJBkZ/lkjdyZMk4bRHrGSJenX9L89XOwqhFYbaeHyjq3viyJj/3BrxCLmJ/SSv+IKM4PrxGLfnc+8NPahmZjR1S0SUVvxkzE3t5Ft9/XLRTT3luRthkl4VCaBPcmplWqjQc87ICN9GTLALN3qZhKqq+XME2dO8+MbrxG760QpzVZpEi6kgXbOTR0XG79e2ST25BnnxpsRWlyWfuHLkS62XgNxCgSAABAAAkAgUwg0mFqFGA9vvFzeMtmX3zLHFaiVmtiQu55DFfGC/NhoVtulTcGje/ru0tvCrvni19f29I8azqcWN9lmL7tty+x8spoXyyW5OUntrJK8zc6rJbAnObWK2F/FLaG6fBlpQGRz9HQRsUkJjljfpNmst/XBol4xNKRnfuadX/Y8+GUNYPHGW5aLY+PceDN82odt7Nx9OAYCQAAIAIHcIVArtSrXto3dEBeTg9lBtqgVGTZz9IORoR19D96lNqp3j9NiJVGrP+3uF2/heT/2fT3P92ObbhVrauPl0ocv3Mm3bfHXHhkaLtVrArVa2f0Lry20JU5P2tHMluBkoiFy3ZOWNcX2dpoptPvc5w/233djoXjT6u4dr4wfnJqmab/XxcxiAmoV+h4s3hDkUYFjIAAEgAAQyBsCNVOr/f9yX6HY9fWfhrZvq5fIvv+K+noC0ZGK1KpE2dfs11HU5PS7/c/86Kf/rmaMoid4aOlKza/M7+ku2v3Umt/I1xXVbI20mW3BpiUwMQcTv6fn9Hif2MIlm3Ow/y/5dyX0ClplZytGNTwiOJbdmF9aLCewp/TqD7oKRX+10VtJjJwK0ggoIyNlog3wmkNb1x/+9XDfii7DoiTNenWoW3wi33zHlSS9kJBVVKZW0WbILfNYEPTcgVMgAASAABDICQI1Uys5B1O4Zt3Wd9mepIhPhiagVnKb1JfZm2hiX5R4uc/ssK5OrRbVRx+6X2f2yP065ksHkkXdu4N9jqE08sNbC8Ubu3dTqUPDP33mR/1v8q9hueRMvN9347e36zfgFsul0+/+dO0dX7/rhXdiPV169Qc3Foo3XndNV2HdS3yLd6mqPYtl+Uahs3//9J5u8T6d3ZwUSZuSUCs1kXafA8jYjx/8+p/ft/VdTRxpi1Vhxa1qNVA2UywO3vonK7rMpivx3TLajW5YlDBAvQJZZdYqAgc1ARZPeWPR1mZDAAgAASAABIBASxGonVotlkN/6Kb72/QhqMINDw7a7zAloFaaSF331e//9Jd7Xt093P9D8UUD/gdzElCrcumTHfQlBfUNgle296wWn7BauXHUkK2S/Fj8F+76yaBY0Xvppw+I72BdZ7jF7PhG+jrDgz9+aezDmYPvjw9uuu8LQuAl9S2u00rg4a3DYx8eHBt64THxOa4bv/5j/X2HSC/SVxgsgbMy1ewx38Eq3rT6By8M7t4jG3XdNeKDW2a6qH5qtagMuO17L7wyfnD/+PDWhwmQrz5nP7iwKGfOHBalXnUsslcFBcscfkx8yULgPzL+7giBI001fCvG1JlXHhAt+sJd3Vt/uefVoR0b77qpcM2NIgYwa2WjBawRCAABIAAE8oRAPdSqtFg+uPsnik6pj1XedOcPdqjPSqmUIF4rKxhqEpsnSu9s777Tfszzxlvu+8kI+w742DM38q8AqCmZN3/EP9AgJk7e3fEY+3PR1y1f1/e62YRO/pg/PrJpndxBRdu3yWD9WXOhdnp864N36W9v0l9I/MEO5w9OH93Td5/8GKb80ua6jUNsEiuygbPDjxW7CvqbC858UlV7ZKPs91RvWr1pz5j4FL7dnETgrBtkcDlVkEmxMp4B4g9sD7NZPQGafLHxCz90/ngRTSve+PD/4jN85dKHLzH8b7rzBy/tf1346Nu/UF6IN+PgILE6uaf+C3f9ZOTdlx42r39GooqLQAAIAAEgAAQyjECd1Eql8NmZqePiJ+JvwtTYZvHBhaXrOU32yG3UkQbMl6oYXFVANrlCFaxe99NZUYy7anWL5ZnpNJBhVjn0K4EBjnycHrpev6kSVc50K1aU3CRIAgEgAASAABBoMgJLo1bIf5UQ0B8OBWOohFIU44Q8EAACQAAIAIHcIgBq1bDUHvXnbppMnFEdEAACQAAIAAEg0GQEQK0aRa32/+L7X//z77N9/Y2qqMkRg+qAABAAAkAACACBCgiAWoHxAAEgAASAABAAAkAgNQRArVKDsgKBxS0gAASAABAAAkCgQxAAtQK1AgJAAAgAASAABIBAagiAWqUGZYeQcTQTCAABIAAEgAAQqIAAqBWoFRAAAkAACAABIAAEUkMA1Co1KCsQWNwCAkAACAABIAAEOgQBUCtQKyAABIAAEAACQAAIpIYAqFVqUHYIGUczgQAQAAJAAAgAgQoIgFqBWgEBIAAEgAAQAAJAIDUEQK1Sg7ICgcUtIAAEgAAQAAJAoEMQALUCtQICQAAIAAEgAASAQGoIgFqlBmWHkHE0EwgAASAABIAAEKiAAKgVqBUQyCUCI93r+g/l0vIK4xFuAQEgAATaAIE6qNXx/nu7CkX66R6PhWC0pxB599CO1aJs6llhfKM0qdi1cbRcOrRj9b07Di6KxHNwe4/JQAe3rxN36XoK/4u29Iw42o7335t605Zm8GhPQRrJPTLaU9D4pICDg0BVa0X8pOWFke6u1duPlxaFTjooH9y+Th6E21XhlggY35WRDanXvzYga9IQJ2z7IG/sSLcLrGhURDQe3L6udd7XqKYagToMtPLaAnJ8YxRK4fjJ0JVU0Wtcu0SkRWaB2hxUu1vZWNdgG+J6aITNI93hpMmLNy8Oa+gvDMnGxUlbaq6VWtkcVlosj3R7xILFU7RL0kyr3B9+rNhMVua3+DEvXudxRD7mXYWh0eihJIl+7pFWDs1pxkDYoRX4U4VbOaNWUe6TAzfjrPSw0ZLEljAa0yP34TCopUc3L6XVYlXF0SMqAFJTnsR9yWQaTGviIWJjXYNtSDzgR7uMF29eHNbQXxiSGQywLJtUI7WKjo9yadGdNPJPVR9QtL1oZhrW9Y+KSSx68vY0hHU6Hcmokk9FfqxYaiVid3W3nMHiyUZX543vYo5HzsnJx31RfGP3OnlR5y07Z6AmhPRAI7qxLC7VWm2Sg+pKo+ftWNdSOEfImyq0MQIWNnwc71eNFZxy4/+iOUJhjFUlCgr962j6sCv0WEm9Pc4vLAAMsVaUxTZWzZTQJArVSwneWF6QM4saNNE9BEmVsBNQ1J/JxeLUFjTOsnWJ4LGswuoRNpiCEqsE1IrRPsObjc7ucaMwPOtjAlJNI1kLqUVuQOppVNcpAhBzxbHfry403tF0LDNePPaoaTx/9JGGCY9ExrbuZZVcwCo6tGOjmDWUlveM0PShM6VNDR8R/UJGhWlgl2yUgZTHs5yGdPQIe3rUzHRMGLCWUgxvl31ZDTIm6oynNKqm3wnbTKg4HZnFqi6uHaTIq8akEm4aW6fDmnlWoUFWSiGkFareIQcQrSHcf02UqiaYRsnOFdOPbLusXwiBqNiwVRhXygM5nogx1nhToi1O9TjDp1eVp6xC3Uf42MuGGqHHG0NkDPjRJfFx2hJpg3ZiePQLjUUspGUTTBs3jrL2mphUkLre9FqqYTeqKBSFy1arGNDutgU11OGyRd0KN/Yi2mgHJRocGMJmuLAmCcAdJFn/0nGojcGtMAK1UauY5EQDmdr2Mb4xvPxkHcDGCxrZNekJawhfse7kZqhFEBmCJr5tJhvfeO+OfrkrZbRn9fYdG0nGRFIYEXWFwpSvNBEdEcOHXXYRleo+oNroma36g4hXFam6h7Cw1jaw0VDdDV2JqJFgMdfFgayCOULColpE8qKPScu5RyTCognxfjEmmTzEm6yV0zgoQL53h1owtbWHazQ6xRgtRnbR/HX9cunWFtRJyDrXEAir08aGwUSHn72lr2jkTfqxevQ8FrsiSoUaS6q0f0lAUFvbInXL2mw0mAOHlyiGoSgLl5HeUf/TCBiOPbMgaMdETSBscW2taJolgqbvSHAqukBroNQSji4OlGj4Ok2/WHNkhId8ZD0izTCAhyPWQmrCwLRRNM0mY2Oh20bdkZWz9CmFHwWwfGhxOIHqmMwLSlLHSUXcWOt099QNNJBSPlvXf0grjKNWcf1Xw2KiXR2E+5FC2ItqaVg4Npg9CgQb5GpstN5Ut0SjFOZMWNXLroheH9ZvokUfhJvgRJfxvu9BzwaDDC28mC4ji3tWUYQrF9OtcW/M17ZZMIWekDflmKb2qLAw4MXNiGqKmyChAcqNXlaFhs6LPSWv7+rAkK0WUc2CWSVE5woNLwxzZjaD2m04ZAwC9VMrSYqFh0SPUs9b9NRFqT3aJdrNwh/sOKxBRHBIp/KiKKieKUnGjn3EykVyMmF0aMfq7nGZsGnT1fH+e2VCsnFssKADplyEpmukuOKGewVqxcJU28P6rcq+qjpqAruryrIrOluz0cqJb5kYxNbmUZpIMPgbM8yVRaef24zC4DUJPuwFOTDRNMn4xu5x3TTlUP6sz/krq4VBKms0FioDfPO4rws0dWQ8rquwOvm46WHFb7lOr0Ct5C1NiHUidIvb2tV13iIZiiYgjYbomA+zJVO1425REWkwUIQ6lFQlbGMyfNxnZlvzdC2sCfbxV3ZJkWlkLxDPLSO0l9H6lz0Zq55o+givRev3fGSB9fRoeZMOuTd1GGjjWbe1GUjARZgw5E2/EzPTOnVFtddoFjTOTPRa5aZG104vdG3rzBOawoT5Qt1iV4zlMR1E9lZmthni5DyiCCF2lwZPzR1NIDFTQ8Tu3h0HHRu0980eNdlqK6MGLhcfN5IZUNoGE/x6jJVDlg6biCbYGq2DhDY21oVsEMCyxrq9w7PKuJWQl0EuFOpQiXnWYr4zjvY1S4M9aqUhkvazLkAGG3xEWdYufcyq4D3CjNhmHFB3Q/K8lIpVhqS6YoIQBxURqI1acZ5rH+ki4zvaJTzmWFSFNYSv2GZwJW6PMp1K98aSmKk6LjJB9w65UmZzAAU96yRClR03VdixupRO3e0jnyZN4nTpi+YfEVSJxSu7q2pnVzS1EvICHO9hS4wmYk5OjJhiTbDf7Gg2/Yd7xFw0Pd+BV/fwSC8ItmrA7OnX28ZD0AkwFUVzamGQykqZMeH+HO7tUTnV6uR3Y7GyjdXxo1pq9RDIZiwT1ymhsqC1SlipcItk2JiANBESxjZ8xQjburTB6gqLRp4GbHVi2DVDqoRXD8rMbCafxAXUU9b1b6cpRjHBtkPNVYsmyODRyrlmfsydLkrZUNFec/UweZPhTLtCQaJr5xlIwWufqXQpcUUuK0uF+roHNTsVOU+Yp5FkD4qsl1XRQ0992jvWYM0d2ZVwYEShoYYyJiyA2k7PltQBDVzKxSaoWBF9y609IbWS4yd73HXx0aNKuI/4Y6mJanHQr989isCTR5RpjskCdCVkA2saLxJpFe9TfBATiMmIrT4gqGGQuUyDHJ4v1BDJKIououKQtUvHYUzsyRjTkSaKKySZfnklAmGmk5nN+kIYQ1whBGqkVhRqpotqb4lgNReVA5jbmEt4WPOgDGsIX7HuFFFlnxvsdcvldZcz2d0EjbZZljJ9WCnh8lQFM1jpdK+YJ3IVT+wuI0OadjCqFIGPM+hT7bHybitMW1R+EvgYw0xF5sClfabJ2k2V/aKyiHK3zjE6HwhLRGPJO1wzGwg4RMZyTWIO7RDrgLw/iyr0XQkya4h2q9XJKlI+NVgZw3RLzWSVmScTemTTHAzl0C8aZSuySih/m/gf2e4sCCrX2+xlNNi6tCqO/Hi/fvPR0FMtptolTh1wjGa5wmipibFNatAQMXndX2wVlV3gVC30qIkco8fkHnNF+C5xPJtSRo/rdIGJe8Vto22abqzxtenyilExq/QtB1WGturj4oqMbaFcDkTcTjMhVEWPmEHfqN8Ecu1U80bRoRjVf02QCz2mvwgDNGetZIyAKw5A/VjoQipaHR6vzJqA7Xp6ho/Htryr0abO1c8WBC2qcjBxmuMOBSZOmGtUv5B+4dxadF5NiPVdG/BKg2eVZi2K/GnqY7u8hYWrCnnTCVcmyYu7vUPNDWv3eQ3020ViXp9VbdRuCvcXGxK6LzANB7fTXg5WSs6La4dG9wvWtE4XqJVaCbyo94o5VdYbhW/kLKu+KIJGXDEDjQgOHkleZwtrCF+x3hIZS9ZIAeSdsuFAdwa5iUeOSt3jRt7PWzRE0ngkA50ZbLqxlglP0orAouFMbdpVx4pq0CCuzTZz6bzPaPnV98oh2yKgFJqqo4YGs6+8tCgTM8Fl+wbziL3ozC1Rx6jqF/49i+P92/UHOLRtG0fVGMGpleqWOkjiYFdZgfVwHm8mZxj36SBkbqIRX1z/yT+r1UyNlSilj80QoFXpONGtoO23fF+2FuD+Zb7TenSn0K7UNRL4VDt1H6nN+lf3GnOlYnVGuUmcfucyceh1QN1/5eym+QqGiW3TomouoJlg7frRHXpjPhHrosBZbF131ot1NOoYEMhYtP1tKApPoycqYg3mOgzM+GDjwU1yIjHr4atnROl0U5r1keyqbi43yKthTfcp2oCsCB8b8XRdXSZ0TeDZ50CFuVGls6kFZ52/pzMCDRU5q7ePs4+b2JdaIvsRM8YEngxgC6AeS9VkuTPoaTT0eGWbEDWrp0PaxJhpoCRP3qkUs+9J6NBV8UN+CcetB6Z89cQ6S9lgIyc0INB0NXe9bZTwrzHSFFQgeK1zS7lsmMFu+um6/kNuHEqbTXVOT/eg0H3c7bOmjXps0X2TAJQXtYzYPi+v2Ii1oBEa4pQapa6bvoaDaAQEtbo8/h38NAWB1Ud/fOv0aHK0a5VPrhmSNSPgDIgmPbTuAJ8MzZpHarXHffaIHqBr1dlSeTtrZWbRWmpPG0Aa2wT7zNC6IQjOrYCAoFbBrhX4AQJAoDICFXoRbgGBGhGgWaJ2mwA4PqK/U6Mna2OZQY1wQY+PAKhVxkMI1Aq0EggkQiDjPRnmAQEgAASAQEYQALVKlFYrz2fgbicgkJEeCzOAABAAAkAg4wiAWoFaAYFECGS8J8M8IAAEgAAQyAgCoFaJ0monzMqgjZURyEiPhRlAAAgAASCQcQRArUCtgEAiBDLek2EeEAACQAAIZAQBUKtEabXyfAbudgICGemxMAMIAAEgAAQyjgCoFagVEEiEQMZ7MswDAkAACACBjCBQhVotnHgLP0CgcxCoMP2WkR4LM4AAEAACQCDjCFShVhm3HuYBgXQRALVKF09oAwJAAAh0IAKgVv5XbjswCNBkgwColYECB0AACAABIFAfAqBWoFZAwCIAalXfOIJSQAAIAAEgYBCoh1q9dHThW3vnbnl9dvkwfoBAXhG45fXZb+2de+nogukMlf+e5uUrVwL8AwI5R+DylSsXLn7OYz7u+MLFzxHzOfc2zFcIJA/7uO5Q6/XaqNXcwoXe/fNgVECgnRDo3T8/t3BB9pwKs1YYpYBA2yBw8dIlE/PhnDG3cOHipUtt01g0BAhIBCqHfbgjLOVKDdRqbuHCS0fOy5z6q6nywuWrcBgQyC8CC5ev/mqqLOP5pSPnZaYBtcqvQ2F5TQgsXvw8kl3NLVxYvPh5TaogDATygkBc2C+FRUWWTUqt5hYunDu/+K3xc8uHZ381Vc4LjrATCFRGQLKrb42fO3d+cW7hAqhVZbhwt20QuHT5iox5nhjkOH/pMta+28bPaIiDQGTY8y6Q1nEiajW3cGFu4cLs/MItr4mNNZivcnyFkzwjsHD56vLh2Vtem52dXwC1yrMnYXvNCMiYN3NXZpyvWREKAIH8IOCFfVpcytOTlFqdO794tqRWA/ODISwFAtURkGuCZ0vnz51fxKxVdbwg0S4IyJjn1EqO8+3SPrQDCEQg4IW9R4nSOk1KrWbnF06fK8kkFGEsLgGB3CIgo/r0udLs/AKoVW7dCMNrRkDGPKdWcpyvWREKAIH8IOCFfVpcytNTnVrJ1fezpfOnzoqNVsuHZ/ODISwFAtURkFF96uy5s6XzoFbV8YJEuyAgY17uuOLjfLu0D+0AAhEI8LD3+FCKp0mp1Zm5+ekz6gtGEcbiEhDILQKSWk2fmT0zNw9qlVs3wvCaEZAxz6mVHOdrVoQCQCA/CPCwT5FLeapqolZnMWuVn/iBpUkR0NTqLKhVUsgg1xYITJ8RMR+iVmfbonFoBBCIRoCHvceHUjytgVqdPA1qFe0qXM01ApJanTwNapVrN8L4mhGQMe9Rq5OnQa1qRhIFcoQAD/sUuZSnKhG1mp1fOHOuBGqVo+iBqckRsNTqXAkLgslxg2TeERA5ht7eMJ9dkON83tsF+4FABQR42Ht8KMXTpNTqNKhVBV/hVp4RMNTqNKhVnv0I22tF4OTps+ZtKfnlQjnO16oH8kAgRwjwsE+RS3mqQK1yFBIwtSEIgFo1BFYozTwCPMeAWmXeXTAwHQR42Ht8KMVTUKt0vAUt+UUA1Cq/voPlS0GA5xhQq6UgibI5QoCHfYpcylMFapWjkICpDUGgvanV3Kcj/ZuefmjlqlUrVz30+Lade6fKl1KB8UD/PUJnz+5SnLq53U+vWrlq1brBI3ESS7ouDbi//6PkWsofv7zt2U2bn925n/8ZVAHRU4+sFRB998ktgxMnXIWnJndu2fzsps3Pv7x/zoVubm//s5u2jXrybuksn/Ec097U6uMh4UH+8/zAyL7DPAqC6YH1hWJX4drN+7LsM2tbafiHVTrg9OsU7W7DBQjbJueUnvKR3f0ES78fxvGE67IAACAASURBVOUDw1v8nmIrz/MRD3uPD6V4CmqVNEbKc6Uj742N7tk/7Q6vSctDLqsItC21ujQz+tSq64tdImGwn+tv2zyhR9Yl+GSyj3SuHZiJU6JyVbF3Ik5iSdeVAX17k2lZOLDz4dsVDmsGp1Wh8r5/vDsE0e2PDk3p+2M913YVbrh91crblxe7Vv7jflvZscEHru26/v7BI7kdEHiOaWtqNbNzjdMFTHdYfs+2fQvKpXmjVqpRFTrgxIboVhd0lzzy4t2F4rIv3rZq1fJlhWsfGbbvhpYnNtxeKN7et9dhnzb483zEwz5FLuWpamtqdenAsE/Yt+3cvf+I7ktJw2Nh//P33GR6Y9KhPKn2ynLxj+YRrdv87JbB0U9jZxEq19Sxd9uVWmlms2zVD/qH9+zf997Y0JbvrpQcy3KLut2eK2p1eOjRr7A0o5tf3tt7KwGy8uH+0U9njrw31PeNZdTT1++Uc1F7ewvFZdTly6OPsymNhcm+r3QVrn16tNbBpG68G1CQ55iOoFbf2Ta6Z2x0z9jwwLaeB9VTx/UP7krhQaMB3qmmsjq1mvtINNb+vPjIF0W0L1u1eZIYE2mQfeHT/lXFrgd2qsekIwPrry923bPtQDUbcnmfh73Hh1I8bWtqdWJwrUwk/v83PfTigeRsnKh9V+HaVQ89tbnp8//xj+axreta/p2h/D5JN7+ztim12v/szYJMeJnjyM9p1aP4Z8/+QSN9qTz93tjQi5uf3dQ/tPeAt+YViLsjYkVsy+Dwe3wxkVGr8tS+l/vDxTW3650QSob6N23uf3nyY/tkrAwoH9s/KopH3w3KU/v2iLLPD4xMOI8Noa5xaj9lEX/Z7sjQE6uuJShu6+35DhEsRa2ILRW7Cjdv2Wdmns4OPUTDxSrKK+XXny4UFc2iOQA5A9cmz/Q8x3QEtdowqYNe/NZ94e7+w3RZxs8f2CxsbPCTvOk4WwaHwx0nCIKzByZ2Dz5PoesuPpaP7B0b3TPpPOSfoOjVtc/9QVCij08FwaWZfUKJmBQwCyblw5Oje4Z6VopgXvXUUGTY85aKY5pkLRS7Vm6QvCoIgqn+r3UVJCaUTdQEWP6nY/22u+c87FPkUp6qjqBWDz2nmfvuwT41/3S7TS0u7qGzmaH7KYJbQ+FD+cPYp6mVbd2esaFNanXjoZcxd2WQqnLQntTq1NADRBEeHXIjYW6kh/ZdPf82wbIw2XebnKchziH2mtz97Hv6uSN09/rbnhg+JvFUkbnqwSfuIeIip3XFaqOeyNHU6u571FQQVXHtKrbKUJ7Y5C1ZLrvnH+1GqPLezZIVmTljtoLjdo3DYnlOZI6Hd3nPFfQIvmzVUyPTlwK1RKKolWKfKruoMJnaeSfZ+dSYuCBmrRQNnXhKzVrJZ/q1P9eLhqpg/n7xHNOB1CrQQ+iTr4uAV+GqZzSDSsEfhO8Wbrj/edNxguDIzu8udx/p2ROvG7oUOG5k6hmppzY/dIPumMWuwldU74ta6dPzrJFhaHqH5VVBEFAtctLumJiGELNWcjr25l7TiyP15foiD3uPD6V42hHUylnCK9PmiWLX9ZvYE8yl0sd71ZPxvmM6rwRBlYeD8hQ9T4SethemJvaMje6dKgdB+dQBcUzPIuxBpEzbtthTC3++YQYEQUQnVGGtxwWndcGBfnqUcbNFMPfp5PDAtmfp0cd5VGKmzn06KaYuXhxy5waqP2AJezQUYnOoY38O+mB7Uqvo8PDcUR79oeBV19/fv+9UubwwMyo2WHQVvtYvN57v+8c/E6dr+j+eK5fnpoblzq37h2ijkopMsb4gFhzHhjbfL3PJrXr41tSqq/CV7z7/8tjo7v4nJY279ulR6mTlPU+LfU7Xru9/b6ZcLk/v6aX1Sj2LcGJIsyWhf/TlzZLD6Xk42zXK722Rt1b+cMSfdaPoPPKpmopwE5hugjOZobJaQabYs7sevbbr+tse6XlKrKWu3DRZpiSU6y1WJgh4julEaqVHVzlb41GrisE/M3Q/PZB85Yn+3WOje/Q6stmu9IctFMnL7tk08vGJmY93q9DVe/Vs6BpfuJGpg7DYtXLdtqE9Y8Mv6pnXh8XyJe1Pf/oBmpa+9f6nxT70LbuO2MRltNKBnq8qfGPLhDs47/vH2wvFm9Y+vvnJbywrXLt+6ER54qk/a9ctVgYUHvYpcilPVedRq0A/lerx1IzL+slYPODKAbrCw8GRoSfUthX1aMIWGcWTbleh+ESfeSIXw3TEg4hkReHnG/bkHdEJVYhE5s5LehnIEMdLU0PfsRvFyLCbHtqpH7jDpgrL+cxBhAHuKBCEphaWrfqBP3NgwjqDBx1MrYLyXGnubMm+M6jiYf3QqSAISsMPiifmW58aM4N2+WxpTp1oXvLwiLm7bzNRMf2OlaZWd/d/qt1+uP8e6i9yniAoi9rn9CyXeZCQez5U8Wt7J/Rq3dzQI7Tl/IlhsTtGGfDoBjmztWzVprEoXqWrpt9u6Oom6KGARHRWM7MXJ8bE+4P3PPLswOTcHG2x+op4phfrmHvGcvcgweHgOQbUyqVWFYNfjb1yEx4hShS8UOx69DdiknhiAxEvE0JmSkwFc9VBVQfh1/rNFKzal1JUjyVqzqnYVWEbu/S17oZ69ovPrl0qffzytifXrXro8f7hwyU5v/vAwFQg5hrGRiNXOXkA5fOYh73Hh1I87Txq9dE2Objf8yLRi4WRJ8U6wrIHtu2fWyjPHR7poe2u8m7Ew8GmoX3lIPhUZojbe3ZPlRfK0+/10+P1sp49lGVUfhJqxcsXK1et+uHInKZWgtyIF45WrVpJ742rZEOqyuW5j+S6hlal84c7NUURramVXRA0y53Xrt+pVm0Cei4Rqzx9uw9MnzgwrFYM9XqoMfXau3sGRkb3DD2rF0yfV++0Vx0FFJlb++IBBSDNTJgdkdnvfZ1MrYR31Ixj76P30ItCgvqoxQVNZbquX373o0/RTixDo3Rk8pFdD+LqlUDNjfjb7DpazHuFejtLz/fuX3Xbl+TLelKnS4PCcaSJEXG1ezbbZcSwqLni6tQaKlMrU1hwzWX0TD+zb7NZxzSbgq1cXo54jgG1cqlVUCn49ROIetfB97cmRjyunCJVB9WqGvRyXgJqFag9iGOjuwd75NK8mKDyjQ5opk1Mxx4bsquQN3w3QjJUNF8XeNinyKU8VR1BrZZ/hfjNylVm7C7coF7tUd1ppVoBEYlGbFylna0qXlSU8xSiHkoet8/rR7atEqXkurXqRcsE/bf/dG+hR157+VJZPLjrqQDzLKLXKyM6oSqrqRVNROknEkozD0jWGATBpck+2oDCjFdmXC+7vTZVzSKI9qsFU7mN18wNcG7n5Ke5XY+KSv+s5/c661KL7ESIbWpGj9qbWvX83oX90szH9NKQ3E5utngLun/PIz0/XE9vzNl9G9N7tj36DcV4RKRdu+pJ9WECFZkstPRuFf1qd7hzmfBWpY7tUkuExZtWrrz/0afUGoe864SZ2wg608SIYj7hCp2rU/UOd/Vc99PQi2P2mZ5i/lYxMSwXUMxEQoSVWb7Ec0wnUqvyyJNywKQ34zxqJXZfxQW/w5PCHtYhlBFqxQ3Ub2n4j75yixXlJloJ/a6Yt6a1b50IuJZ8H/Ow9/hQiqcdQa088rH8ni0TYr1D/FNDrX4pV7xq8dx3SV6uiUQ+HKieo1/NEHvkh54iaiWXQqI7XlR/U1aIvVBin9Pj35WfzxEGqG5ZnVrZWas9Q8+rN4qXqZ6j6VcsMYow1bMzwgA3P8lHeZqi+8YjPWKr1kyOeFUQBO1JrS6N9VDa8EfG97bIzw2IkPhoGy1qr3/+D3qr+x/kXUutVIReKh95z8xoPsLX46pTq6Jd0Qu0VVTqwPM0Q7z2OfNOnzOntW+Tv6oSsK2BhvQ/+pycM070iSk3dNUbKmpblWyqfhrRzzYKgPLbm1eKTWm0z4y6lexTlI9DcOl+nfHfPMd0IrVSfWFZH73SEaZWyn3h4H97M02vcr/zPak6rqKoFS21q0HVPtCaTKTWEL1BmAzxx2olwzugE28nRp4P78HSbNItJbeO3d73tng8Fn1EmUF28lY4FeT1hId9ilzKU9UR1KpnN23pODv5LA3lZputpVaUhFwGVp1aufI0b1QHtbIfzRKrhw89vvnRr5GqxNSK06YgKA3J18vlPFwzqJV4PXh0yyP3LKdEKKcQ7HtkOeh+7UmtArVFXWwSN8zp7Jj4GpOYfBITLeXfPCGO2ZTtvs3yo5oyZ5QmxBcZBveZz/5oKkbrICo98DFaJSdv1qpop2/Lv5ffkaJ37tR85yq7E+s9uflXbR+ZG3qEuphZ3ZZTRF2F0IYVs9tv5YYq261cahXo/Su39/1ekcsjPxdf9CkUzYo8BTB7phfn1K3Ya2U8xeYg4I2JPMd0FrW6VJ7+dEju/ZB9IfSGYMXgV6HbZd4S1YGtdl+pRQz7np0OXdXX1MtG1z+u37qYG+uhPema0ySiVvLV9evZ4onxrDjQ+xptp7hU+nhbRHjb6VgqL/qIshPUquwRpuSnHUGtDPkov05vJBXtvlr1ZBya/GcxGn44UA8lt/JPM7MC9MK23bCi70T1lqA0/LBgJLc+vkt/s0Rtn0w+a2VaJytSyUOmN/0GPpdRAvL5238SsrN0ngHxD1i6fUEQLEzte3nLWvm2cCVIWZEMHLYptQqCE2zPxLVf+qJ9i/v2R39Db8xp5r38HvGSkfmIot5rpecjb7j/yReHRl/e9pB8v+8r8itQyamV2XQoPmgu2JL3aH7D/U9u2vzsU4+Y7ywounZpv3wWKlz7pXu+98hDaieWIWrKABnb5b3y7UL+2Z6I2PKoVVCmbenSqhu+9EX9FQk1OyUVXJraKV4H09sT9aL59fdvGd079vz9yzTVi6gu45c6jlpJRzv/2w+Ou7NWlYNf72EtLvviNx55dN0qGTl2VVrvar9++fonN21+8n65pL7MfAlFP4R0Xb9cbFYxged3DT5jFBqrjRJ6AlFzbyzk5NfXqMeJXb+694nJV/snBGTH0W/ditL0vHF7z8uTEwNPr0yyl4tVmYtDHvbJqVKtkp1FrYJLB8RH0szEfhDo17/tV5WP7Ka/u/Si+StLYWqlH3bt6xvlfQP0B6p+Q5urQn2AAi6SWqk1EUtcTg09Ksf3+matTo08KZ9+FLNRj0f2Ja8F9Xik1okiTPXsrPaAdXayf9Nm8fKUfo3r4+do5oO9HZPx/ta21CoIgrnJ/u/dzb6vs+yL9/cOmUmsIJh7e5uiwsWu6297Yufr/fQ1LD1le2lmdPN6O+4Xl33xfrOYrjYq8U0bap7JvCG4kz5Pen//6IB6dbxQ7BIfpjLTYHOT9u8cXLvqyYGRfvqGnNW5cGDn48z+G+7v2232L0oDbEaZ+71kV8vkW1qRUacepdT3I0jEq+LaLz2w2Zn6mvvNE9eziTeptrx3yz2SqvL3rSKrzPBFnmPaetZKP69yUnXD7Wu/t22YfYR2WoWr/LYITcbHBr/g1x8PPK1iQKi9ae2GEfM2n/D5ibFnFaOijLN8/bO/5x8jLe3boj5WQp8vGZqQ3/JVkame3p1Vab0KSUuKFFWXSvtefETbYDsCi7jyxy/3PsDWEwo33P3oFh7elID87b9TQw8qLpivd71Zwysd8rCvlTAll+8wahUE+k9bLFNs5tKB/jvFvJH4dM2mzc8+LsN92doXzTf+I6hVsDDWQwOr+7h/k/uGoLdM4FEW6fvyxAb5vrr81PvTJs95k0Z82klFjZ5yoEcW+Whi/ler5iK3qvfVl31RfP7kadXNzPdXqlMrszc55gFLP58tv+fp/pfHhraouQf9BZdKIZ6Re+1MrSTE8lUJ/pEFF3rxSQX7IoV7j86EQHzxiALhS9IG+50FJrFQTbn/qgcrm9ahgki/ipFMbXmhNvlkWpsnxXNMW1OrJUFaOfgr31WfF4nrXDLqmhBE1MUq93Efo0vlfG2Z9e2PP+dhn5wq1SrZ1tRKr4i7vETP9N627WOJvvvYev3y9X0v8z+Dox4g7JO0LHXKeShZ/rVHnjcPJeHHC1Ek6kFEvMQ3NfQD8yL3TWs3jw3RN1H084r/aG4DRrfOoVbXfmnVut6hj5zOOr1nC3tw4RMPQRBhasjOS5UfsPzns0Loud/anMmj9qdWmYQdRrUcAZ5jQK1a7g4Y0BwEeNjXSpiSy7c1tarJUfU9GfvfPKypSiZMehr6lCA/Dhn3+MRMiTms+oBV13N/TGVNvQxq1VS4UVlmEOA5BtQqM26BIY1FgId9cqpUqySoVWO9CO3ZRwDUKvs+goWNQIDnGFCrRiAMnRlEgId9rYQpuTyoVQZdD5OaigCoVVPhRmWZQYDnGFCrzLgFhjQWAR72yalSrZKgVo31IrRnHwFQq+z7CBY2AgGeY0CtGoEwdGYQAR72tRKm5PKgVhl0PUxqKgKgVk2FG5VlBgGeY0CtMuMWGNJYBHjYJ6dKtUqCWjXWi9CefQRArbLvI1jYCAR4jgG1agTC0JlBBHjY10qYksuDWmXQ9TCpqQiAWjUVblSWGQR4jgG1yoxbYEhjEeBhn5wq1SoJatVYL0J79hEAtcq+j2BhIxDgOQbUqhEIQ2cGEeBhXythSi4PapVB18OkpiIAatVUuFFZZhDgOQbUKjNugSGNRYCHfXKqVKskqFVjvQjt2UcA1Cr7PoKFjUCA5xhQq0YgDJ0ZRICHfa2EKbk8qFUGXQ+TmooAqFVT4UZlmUGA5xhQq8y4BYY0FgEe9smpUq2SoFaN9SK0Zx8BUKvs+wgWNgIBnmNArRqBMHRmEAEe9rUSpuTyoFYZdD1MaioCoFZNhRuVZQYBnmNArTLjFhjSWAR42CenSrVKglo11ovQnn0EQK2y7yNY2AgEeI4BtWoEwtCZQQR42NdKmJLLg1pl0PUwqakIgFo1FW5UlhkEeI4BtcqMW2BIYxHgYZ+cKtUqCWrVWC9Ce/YRALXKvo9gYSMQ4DkG1KoRCENnBhHgYV8rYUouD2qVQdfDpKYiAGrVVLhRWWYQ4DkG1CozboEhjUWAh31yqlSrJKhVY70I7dlHANQq+z6ChY1AgOcYUKtGIAydGUSAh32thCm5PKhVk1w/saGrsGZwukm1RVWzt7dQXL/zRNStRNcm+4pdheJSW5EWDmnpCYIA1CqR/yHUdgjwHANq1XbuRYOiEeBhn5wq1SrZRGolUjvlZv1/397oltNVnciLXYUNk1xuemC91hNLFJiMrLF3gqtoxXGKVKBO8zm1Il9UxN+rZGbnGt8RnkTC07RwSEsPqFVCx0Gs/RDgOQbUqv38ixZFIsDDvlbClFy+ydQqlgy5EAhetXZghi4Sx9LsijiT4kl0HK3Qu+WdunU16SxFKlCnxZxanRhcW+wy1IqjGq2cl42WSHq1PhzCFtanJ9JKzFpFwoKLbY8AzzH5p1Y8awRBekNW24dB8xqYDafwsE9OlWqVzCK18vIoO3U7T+Cd2gihIox1EZPQXM2KNfMoRSpQp9nxYc0QjtZdVSC6WNTV+nAIG1CfniiLsCAYiQoutj8CPMfUR61ENyx6awI0w92kzQ/8wdtNB/HDXRP86iegpVVJ2uTyC0tqQUDgO/hPbDBTEl6VzXSKVzU7dZzCfcdkGn/Iw75WwpRcvtnUqm+DXM7zeiOHM7T2JPxBUyyOY4IgiA0XP7LdSRodkSJYFd9yBYJgso8PDazeiLLCdtmrB9VuJDPWkOW0fLl+7Rq7SylGCQchCMgkvfTJJ+p6d+olUU0WKUbVMqvT96RhUsnaNevVXittlZy1Yv1WAGKmsow13Fq2XYzAD1VK2sIWGmU0HKzp7VsjRwqLiZLQtgmbnalKLa8tFFatGZzQUITGd1tj1SPMWlWFCAJtiQDPMfVRKzUI664aBIEcAZq1AYMniwxRqzTnzPb2uiOhHuH39qrR2AiYg6hglQNmKzf7Bt5UIvddlMXqmuvWCoKJb/GwT06VapVsLrXaMDixVyzzyXQezuIEDhEF1lclyejbK0vpwCLRuHAh/UZSkgDJTujY0CZJX0RdrpspwRvzbC08dh0ZRW5MkVAbWb2ioLEtJhxIuWZO1HACROLG+I1iYI6kJh+KnGkkHUwc46uPhk5ZYTK1V8MorZJtj7DQbaIA0zZf4saJo+F24SocOk56NDOWD3DaHrfC6megVtUxgkQ7IsBzTL3USg1Baujzn1GbiZoYMcxImCa5aWYjKtdF8Mo2Tg+sV409MbhWDH2TfeaRvrKSFt5Nkvt881y3+nfrOedhXythSi7fRGrlgECJU2d95054mU93V0rbofwalVBVgtf75Q3rp/7maDA6zYGkWWKOR5kX51rOxsLN8Us5/MywH7fl+oxr1tfoNxnp0DKh1oHRlrU1Sh08rJdGrUJm2EpDtxz7gzAHsoNFCENmMPOOUui1LizgVxx/DmoVjw3utDMCPMfUT63sTJUdBwRqNMioeXczRunBXMPqFtFXfWJ0YnCt0WCroxHDTm+7Qy4bPYxWfSArHRSv5ogcoUdUsk0Z7NIUGl70xLlviX9dC5Nad6RVA6BWriVJA1Or7Qz9Zuh51GrCMK1QITVxYF/uFkD17dXoqeYTJpQxzQSBTC7if7puKJ3vU1Gj0cbwVJbYW3blxMibVvNosTndlhWVRl/X7otoePQlHvbJqVKtkq2iVuRIixSHgNA0iAf2qYgC0cHRy69GC5MkbboiEyW6/8igkWRLSIqoEuHbOyF8b/oGY2M8AuJ6tT/zKezipiozeBuN6bq99vGL3aJ2MWNMgBoSKQ+EZtEcRwkfa9wOH1LLqqRDhqc4522RouZKVVVGUtehx1Y2aqhb7EpYrafHs1ArT/Qb1CoRTBBqOwR4jlkKtbLJ2yUNOkmzQZh1aoJTd38fW2f4cns3L0Ka1UDqFPHJmaOfNEQMj2bKXG5jUrlGDDWGftH6hmwXXTejMWujIn+yOLfW5jKPY3nrAI6x7MSpUS8ICnDWrKeJKybqH5IZKg+SqdpTcrph50Cv/C4PbywdG0xEqb6BwT75ehllEDttxsAkZ+lS5G7z8O/6kcywvnORtMlRiDmJjHSaK051fqujz3nY10qYkstnkFq5schpCicHArSQpEbScSELAic0tbD5Le5umDQ7AeWBvChlXC/y2kPu900N0xEqHjl95Y8+xsDwyh2PTitGRxVNIkz0wBdW66mSApbUCkw0W5Wi5gpBZDqJryeKlmkYw61mV8JqTY2yDsfjEdVWugRqVQkd3GtfBHiOWRq1ckiDIgo2O7JNNqxTE666+4dAZh1cPOWuXaPzq6OBD4DuiBcagVkNVKkzgokrJluTpNbmVMd0iOt2SBQ3WI18OOJjlz2uWJxVow9pxDYcRV4VEIln6fVr16zfOSC/beSapEurXMmoFWusbqkUZu1lLhD33FPrOHGd+5rlZbeIA1FEkGhrLUriimueNCOmOq2gym8e9smpUq2SraJWAi/XHxYO4Q/Dqe30r+q9sTFhFURRAVLII56J60MZvqZqCjK2s9sGkygg7yof++43+8O0ai8u1WWvpVo4Fhw35jS5dMYIrYPFt7rEej6NAvrBgiNsSrsHHm7eKee4IQtdRX7/5D0n1GpmcFit12lDJvn1VjgHtaoADm61MQI8x6RJrVh6VuiZK+ZA3XAHVY61kCSiIKdnxKl4ZhM93Y54fNBwB2E2enCtdByqlKxylzIEa1k7MBM3sNB1tVLGCipm45Yyhol6Zf6qXDxksLogS5lHYnmVVgYH1UYrte8qrICa3BBqRS7wlk1UcjcN1/Y4TqGCliR5eszzuafEE9MusHp0XfG/edjXSpiSyzeRWu3ttazIgVivyht0xF39DEFBrwtSfGjqE8NLBKJuZHMa5GggTmBcqBeMjRkhHsDS+czONb19dvLGc78mPfaxhke29XlcE2QX0q0W+LAOyQ3mTSO1bFOCp8TBhBC2XdQ7tQaqI6esuEbxrYHid+nYtdDV5jWZn3I9XhUeFww9QoU87lZa+QzUqjI+uNuuCPAckzlqRQ+Hawcmd66RD4FiCO3bK/63A6MzELmDsJdiHBfSaKyHL3HHyTKOaNyA5g5WTpFwAhLCawanhUlqbKxc3Fdnz8N5hHav2/er4jaz84IuUN60EEFhVzwti/VmBwyGTi6wloojr6L4WStJbbVHXMw9JRWqcyuPP+Nhn5wq1SrZPGo1fcJ8m4AvXRMAlNqdSSx5hbgw60iGskiuGpvCw4FLV2SfpJgwLHvD4DT72y/TeslZ+UVzGu0m8ivNwYqVaRuFnvuVOPEGaSr7+AJrGlvC1zWY345Y784T5s3KUKtlXOoW9Q3M2DdsmRK2hVBxWUutJImUGlhfMraE8VTUR1VqZ6HdXmEU2ANaZmWR4FYn3aSeAnVPk4UtmFREnLKyURbaSisfgVpVxgd32xUBnmPSpFYO4yHwxEBEo4QdMyWoJkNHYKxGA9PN1WhmRxv3AcwdhE2NEYrDlcYnbKqUD5VKX9x1uh0ajlTisLmsYvEIk9UlstwAQuO2sK2V1Mo3iRkfwtlxisWc4DJ5jUppDhriZxWqYzVXPORhXythSi7fPGpVsbG4CQRahgCoVcugR8UtRYDnmFSplTeLbJOoS4akWOzOkNBkUihVOxzOTbrE4SyVcXAO61FPm1bePlSTsF1/CCY2KG5HD3uW55nr4VkrvWndCoev8OLcWLP3V1z0GmUYlbhO1ETvbeca6JiDI9xhW+rNLTHu6z2+uqcMQypiZ0YSrpxw3zHKNT2wvm+DJuLCdG45NSW+ulCroy/wsE9OlWqVBLWKRh9XOwcBUKvO8TVayhHgOSZdaqXpRdRWGJkaacJbrvfZrMyNo+OJDWYyQ5yLvOv85VlO2vRGBTPhQTNDUcoZLeA1Snk9E99Hn2CU94lFmbbYhQ7nxln/2QAAIABJREFU+preCb0AEpq1IlbkTsNrdqXVsuLcKA9J23wBowVHzfAxCugq4QQlbWqlOZ/Zc5Zo5YRTK7ZsQpzPdRALGNV8dkVshuYLNW6zI8942NdKmJLLg1pFgo+LHYQAqFUHORtNZQjwHLNUasXU4hAIZBkBHvbJqVKtkqBWWY4B2NYMBECtmoEy6sgeAjzHgFplzz+wqCEI8LCvlTAllwe1aojzoDRHCIBa5chZMDVFBHiOAbVKEVioyjICPOyTU6VaJUGtshwDsK0ZCIBaNQNl1JE9BHiOAbXKnn9gUUMQ4GFfK2FKLg9q1RDnQWmOEAC1ypGzYGqKCPAcA2qVIrBQlWUEeNgnp0q1SoJaZTkGYFszEAC1agbKqCN7CPAcA2qVPf/AooYgwMO+VsKUXB7UqiHOg9IcIQBqlSNnwdQUEeA5BtQqRWChKssI8LBPTpVqlQS1ynIMwLZmIABq1QyUUUf2EOA5BtQqe/6BRQ1BgId9rYQpuTyoVUOcB6U5QgDUKkfOgqkpIsBzDKhVisBCVZYR4GGfnCrVKglqleUYgG3NQADUqhkoo47sIcBzDKhV9vwDixqCAA/7WglTcnlQK9d59AV9+8cE3JuZPtN/pYH9cagm2Sv/xkJ6oHl/h6FSK9w/a1VJssI9UKsK4OBWGyPAcwyoVRs7Gk3jCPCwT06VapUEteKYq79/mR5LcJU37qyljLAStSLC5+NJ1sZTQI9a8b9+5SMIauUjgnMgkBgBnmNArRLDBsF8I8DDvlbClFwe1MqNkpZyFNeUGs5SYRg11OeKVqJW7t/glOVI3vkj8K4+j1oFFVpX4Zars9JZ+85auUgKmlsB9koQZfLeZF9bNacFGPMc0ypqlUoXbgF26VbZurzTgfjzsE9OlWqVBLVyu0jrQty1o6Yz9++E11Q0DeGK1Er8sfoC+wvtQVDVWpcQVLQwlXEhVWoVOccmWlQI/d37ii2r96YzTegi2UpqFQlLvW0MgoCaWSh2yR9/WjQQdDx8Mba+E4Nr1wxO29vkL6m8OV6zVTf1iOeYTFArJ3qbCkWLK4vPO9UeRJdqeCpD6FKNaG55Hva1Eqbk8k2nVqHx3Um9fMQ0g5ofdhVyM90KD7hCw/qdJ+yI6a5GsVJr1q8tRg3K6ZottQ30qtxgWmoiLEZAdAPdOt0E26hCsUtfVCubWrh3QmmW0A3uXCP1iDkMif9OQYDERa2Bq7VTHZHCdDEKNFmp5z57ymB3MBdVazO0DM98NkjWr13TVeC3DIC1HKRKrYKAJuq0/cKOpg5eFt6QJaEYrgWkpcqmCYLTxgjDZDdJTK0o1G0U8fCjW+HuSXU6A1eEFTm4xHNMJqhVNc82CdPm95QKDU/XmJC2NDtmk9yz1Gp42CenSrVKNp1a+YlH5E6Zh9wMzcY7P+wkP5gMAzw9sN6kNNKmOQFpsHMnIrwMFWAV6afhqEGZD7iBnHqp32wywNoTbkmEALXaJADZIjXou7dCraBMI6EgSUtcRMUSdoegkHIXSQVXhLDWEAWabJjjL9IgqF6ss6IixJgnDdB1hRoeRjLBlbSplZxT0bEXGssSWJSWiBu0rbQkrRYJPRQDGl5fsYpw1sF9Cfdcy+ueZeJTinmnvGyFW1wsy8c8x2SCWmUErOb3FD/HNQyIUNNArWrlTAnlm0+taGTUA1kgQkqOkkRx+AOiCQI/7JxUHR+DLK/4Guwtf3z0Ja16IZmW2aJphtvZKuxRWEBcMZNPQpBZ7jEMcWqIEek07fUkjR4nUYnOxh3BlvCoUkdYW1K1OdL4ON8ZC0NzLbJ2hTwXE8anMi6kT62sYY7BxHFDa1h+yMVAZLoDeVR0HOYjFQwUNiy0nNppEc33nVSmV2md6Uxxi2wLzX1q5P0J1Ljr1KKiml8kEHgkCyNNvFFD9NQsa6C2k36He4e+PbGBGhgvoAXVbxk/OzeYuc8Q+DGqHDtZX452Ma/Vd3eYiIeb7/rRRpfpLIMCQ/HDgeW1Rh+3jFrpQC0U2cSzvqgenGJiz0GeRUgk8qpfmNYz8IX8hkmmTUOnzXBn8Y2KyAPhoL69FMnCC7KX6bBn4aE6mu44+hHRe31KFhRKtHmq24rTNYPT1kJ1XdrEEWDrD8xgW1BEi8wRotSawQm9auGFkDaAoouhzZRK4+MXhaL8KCs1S/DTA+stFCzdOLWkd8LDPiFPqkOsBdSK0SlGs1jQKwzNFXOgboSGPwa6Ewo6emSGYM4zo3lIlV8XUy1uuSGucw/TzDqJr4rVJULc6RWsGjoMCXjdxs12pNmhfXp01n1YdyRmg66SENPDirhoBghXCfWrkLAoIDF3QNDK9W859JhOqC5HO6vCrFUkLKbhurJafzeCWlkYlXmEvMl8NMYp+lshTpyWCAwNYyboTAgxt5Jm7QunSHVqxfSLmh1VxGKdnGFixmwnj4pDNRyzW257eURRkHO1hvE4QChKXaEHuZb7hfW5wZAN9BT8PIW41uqi4je3nK7Hu5gXC2UOUbvtXOYRhSyp/kRBYk7ydiqrfMJzTNNmrQg300wWGE7I0XXuCGoJRYgT9hTqscj7PmLeJFWmQ4XNMLVUhlDelV7QoSvCr3fnQO/OE+Iutzl2qp4Z5tlMp8oYCZ15DiHNqlJxrEdCWaRv70yE6cI2p2kuDs7DKtevBjRdhaOZjLecjPc+fsyhcMxwwWdQOLWkd8LDvg7OlLBIK6iVHVwEpioNhAE1V8yBApc8Eep1XhA7W158DWYADanyJbk/jfCSzXYCi1ehj0MCbpRrMfWbDDNBT00wOdgVNU2wl72erLpQFLxR6UTokR1ep3OrmR8J++UzoraTWmQ6ufCItpkfq7VXNWpEwqIV8upqOm4MtYqYjeAQieZLy/2Qi/CRbI4tItineNyPIGcCIt2nPJIaQo+h5IaQuCGuaI9IQe2XOD3ius4uVIKFFtfPG8iOBQ4mHqh8XEXSHMLNq1He8Uihuuj9EsoVUC6wbqt971gtrHV0kSmUQkytLSWOHKAEqhQY4sBkTS0mAdHIazVMc6iUlknym+eYZlGrCm3hbJ4HjG5KnC/ikfd9xDQwDIV+R1IodENRmxDz22uUe8oqdYszMSMTqpoMU8Y4RqpAiooQ0uZ2Xl1zSH8sDkKJC0KorFJqjFfnpl3Cia4Z5pY5IKeLLc4xbdSGp/ibh31CnlSHWEuolR5chEvMWCywjh5ZfM+x4djBm3lLPwBF5B5RxNblBVZofsupQI2JSzc7LkZNbSEB3sGMlD7whiHbOi1gfkdA53dXSXxj+EpI2GiudiBAY2wgIuubTuj6kdvjR4LzjFXNgtj7TaBWYdzsFb9RET5SphOG4lF4b6+gZeJUdB+hyvhLRE691IrzabJKT47a+cu1AzOiy9hua1Gl61ZSl5Ud3A1RE96mRZqg61JGjzu429rUkayUc1ZxwwEhVEYLmEGfDQKhvkM4+PpJpfVg1KmfrR0rRC1KpzCVIApXZK94PYKHvX/LqafaCc8xTaJWxvXaNga+6zhqPqc4BHhEPHiO4Mj7tyykHENhiqM8ZKQ2Nu635wX3lFWqKzLhrQc9JSMKep2LG+Y3x8Z5RI0mvB2jQ01z8Gc4UF3WTt0xI/APJU1qxYZJeV0XtKqkYUI/jVoTGwQI4lSMP2KgiLbcacaSTnjY18GZEhZpEbWSmXWNRFPBRL40ntPuETf5sZojcUiYUsBz0mTfmt6+NZqrucHtKKTotNpssEY6jyJ46WaH4tuvLEKAWmdT2szONYaVunkrlDmCvb06WDlEqk6C3aiiiwSXxYRt64kQ1klRV+E3RZ9L+41/uSWusziXEoV566KUGFaha6r1d26olRp3JvVcr0Cjb6/434LvBDCF64BeF4gIKgMVARuiVlatEXQ2+rCrarbfDSR7n/RbTymbxbCuK3W7vy1Z9cjLDULeASGsgIxha+V69O+dkMGmTdKqTNA6qry+4J3qJBoNiLFZ5hWh1x+j+BXXj44L/FuOidVOeI7JHLWSxpMrZQ4OIyxFwtfNFXOgkGAgGxcwJdrRlXqK0uT+8rzgnnqV6ukZmYZUF5NDrrglyppOoaNIGeY3h8U5bw6J6ba4hlLXcG7xgry6Sko8nayBdEc3ga5HjiFCTNxdv3Ovnl4Rp70T8iItpHqVpHjKwz4hT6pDrFXUih4abJAp3Midmt7yAY6cJEfAtQMitfDgs6BbMRrRTA+h6+zRU/telrSlugpxH1/QdYhAXLrZxjCt1v8dLeCmhA2D0yoEvbxFyqjX6ZyxXq+7kyQHVhGjUALgmBS7+gZm5JZDv29TVdJrsV1It02I8aptFa6zhDw5SPFIv3XkAhkkbA+srqWO302gVuFkb0c0PzgjfGQapTqI4SjKy2yspCs61AWM1i/RQSV1hyt1+4ixgD3XsmvikGxjlji3fSdKQJyu5FjuFK58QvW6AVyjKuuLEEGMUK6t8W+FKuVqdSH9Wzhd5lGDWAhw6y/Xj7mmVn60u7NHIQwFXlREhHHk3SgmbZD3fcRqNzLSJSSpfWGR1/6q8ttzkHtqK3WvU3NU97Qy/oMBN8xvjgOIUG4GfLnNK8LqUNNicXCUR2iyl7jx4ipZIoZ6c2Bl2RGNCWyAEpbol12YWPqHbU6tRJSYDJE+eo3SmFOzGwVHW+htBrVy5t680dMZgGj0jHly4GlGIR+iRM6A6BIaGgEt03J8F9KjM5aVt3OfchA3bMZMoMqxMnzdm3qUFZMSdwSgsVWnN0Eg7LFjrHMSa7nml1Ja2hat0MkuBCBPeBYBp17PiaE2Oo7wSuqtbGucMZBcbyzkUUHGG6xIsx48hVisheFq3Ss8xzRp1kp2BPt0GtE013GMWvllTYTEK3G8IGMgvMFOgOKAH9VTvOB0gfS84J5a5kEGqMdLd6reygjFVJfqR9wwOjb9y4lAcYs/uLr22bNQ05zgd3HwmhzbH13jHUbFexMNKTxWedOEhb4ea3W6Rzzs65iOSlikVbNWbvCli1wDteXU7AYi0gaqm0KtdOrVT5ZO/qAxpfqkLGE9sYGNrTQUOqqcXKKfIM06sszKEUMwH/SZS6W8stnMffptWTsw6Uyg6jYWKk6sum9cq0ppNNcP32t6JyKXBhhcArRwc3wQjMGGuLA2OpNAdJ21mmcCpwydWGsV71HJW7rS8UuoMOUVveNK35UXZXG3XWLkMddZOlzSiMRzTLOolWiqxY1/fEGzecLNQZJDwcp2+QGmIeLIM0jl8lMCaqUYhgRcdTdZb0w8eF5wTzljsKFLakWkUUxyGYEQuZuCivMPOmbdn8U5a6Y0OzrUNYm0TWOxJCrm1bme6ipU7I8MczLe9ErWmwpFPoZQM42YqNw8pImTxv3jYZ+QJ9Uh1gJqJWOUeaJxGKapOadmpwlBm+pqFLVqU7gy0yzz0YfMWFSTISLlsDRZU9mUhHmOaSa1Ssn8JqsRbC8vacsjTE1GKuPV8bCvgzMlLNICapVx3GFepyEAapVPj+eaWsVMEzbXEzzHgFpVwV6+lltFqHW39/Yy2kfRZVaQW2dUNmvmYZ+QJ9UhBmqVTe/DquYhAGrVPKxRk15sillaaipAPMeAWlWCPuO8Su1C00vGkavklZrXWfd42NfBmRIWAbXqrKhCa8MIgFqFMcGVTkCA5xhQq07wONoYBAEP+4Q8qQ4xUCsEW6cjAGrV6RHQqe3nOQbUqlOjoOPazcO+Ds6UsAioVccFFhrsIQBq5QGC0w5BgOcYUKsOcTqaycM+IU+qQwzUCpHW6QiAWnV6BHRq+3mOAbXq1CjouHbzsK+DMyUsAmrVcYGFBnsIgFp5gOC0QxDgOQbUqkOcjmbysE/Ik+oQA7VCpHU6AqBWnR4Bndp+nmNArTo1Cjqu3Tzs6+BMCYuAWnVcYKHBHgKgVh4gOO0QBHiOAbXqEKejmTzsE/KkOsRaSK3oc/hN+XOMKQeT/nJ/Fr5MU0fT/L+WUIeKhhdp6gcVQa0a7k9UkEkEeI4Btcqki2BU+gjwsK+DMyUs0ipq1dTcmaZzIv/Yk/OHkNKsrRG6QK08VEGtPEBw2iEI8BwDatUhTkczedgn5El1iLWIWomJn9i/H5ll34f+NlMdHLGOImlCAmrlodmG1Krh/avFMWw8SMEsPkLN/sqHuVnrQW7n0WttqJbnOaYzqVVoPNfQZOR3go4sukCunu1bDi0P+zo4U8IiraFWecjukQGQSkZJRUmkeYku5gH8pkK0RGplsnuhaP+efCJPNE4owYhsKxfC7E9kJHrmaaqDrKneUU3N9Mr6p9lokW9VY895jgG1aizW9WmvEuEUtKbzRvzRwMk+70+A06qL7O+VN7QI0mk0iwP5p8TdGrVAZVX1Nb1xpXjYJ+RJdYi1gFo5PjPRwFxeMBfV39vq3TmwPjoaQpHHeQOvyD7U+it6bEiV2gZ0pvEfBfRDLcUTBZO+oiSlqsGda2RQimk5bgMV8UJTxqsbRdLCDdqMYpcN3NqNDxkQKIhEY62d2gLHPAua+zeq7HXuNa8Pa430m6u1s5XCtg2TjJoYNCSSk7as4wsBu8XEqaiekzSolW0UNcee1mPQ0suE+kUllRQJxqcUMMYRceW4g+JkGn09VRtqQCzVehsNUkX9PMeAWlWEqspNnneqiOqkNlFVLgiCimEpuirLlSF9Mj3xvsyYFg3dFUbRasplbdQXKo38IaMycIGHfR2cKWGRFlCrQMUWSz80uGs3O95SeTc2gLwsK8qSHkcJBahOxlXYiaHnkSFAah1jKHw5teJZP7pjkBKHK7h1Sb5iBPhpbca7IASTfTQhoSDV+vmgMD2wXntBMjDlIy5jbSWvuSmZ+dTKEUQaNFm7LEVZXPtFsjcl5kDk1y7q5eOFram+o3SpVUA+MjDWZ9JSS0UHXoxW14+VR3OtwnGQvtjk317fX1LtfoxVUpaFtleyL/k9nmNArZLjFpasJX70w21YS/hKpY7MU0+opMwadrYpJOCMt+G7NCmgB+2I2/ISDR0tHutijYu9wcM+IU+qQywL1IqGKu5FRiAoZCMTtgJOCJiyoiAJe9kiYIHClJMKNlCGSoWcEzJV8BUx9WJVGWPUM0d4FwirMVSBuOBbyLqif4upChsvrkRA548CMWIBNU12mygviKrdThWd6kJlrc3egxEzzMoQQkKzw+E0L4zEr9aLjaBWxlpqlJ5a53HCmjCxgbuJwUg+VZOLNq4kOM7kqEFJTe6uWW9dH62EgUQC2mBSbusKT7vKgp6D5OO1bqYtLh1HwnKKlLU6kL1STZ06sSQ5d/REtayfOoKedrWxIR+i1HVbl4R0UHTVqGTDq1ODSWxHY20xqmKF9axDaCKc1+h2IusXr3dwyhtTXDRTY8Ijyur0jniOyTe14kFe1e9WeP3aNc7ET1RvDfRIGBs/TilvpNIe0f1LDubGTTp0nXhmz43C1DhX+l2VOXeyj/ogxQnTxiQCSa0sVs491TfX9PbJFZhoMdkX4vT7CrNzzsO+Ds6UsEgWqBXLJQp+e4Wl2xjXiKBUwSeEKaTCpeyVquPgiZiKxOVwNNNwpiKP7rpRqAZB52KEmFOlb6EeoE+EWRdTFeqEcf3KQiFrpYEmrufrcZ8q4hNyzlhgRwotbxskzLC5Vlw3V8yBlCbDpCtZu+iekFQYCsCNtbaaJRylSq0kUGq4EWbbCTYKlYj45CHEfC2orRm2uEzIF5qOa4j4jKMoGHaKg5bNNMKPDrZ7e41OyVr0Xc9BcaaS2bp7uvN5DlCUvZjrTcDIMHO6j7GdYyIuUvwY++mu0iPNMLeMBnvAYo8u+n2Qt5cfVxNW2Bo/hsaQ+AZ6vcNSq1BPF0aQHuNoFwrbTO+I55j8Uiu3sVX87gqTK3WwxfVWSa38ruFCSWpDXjb9l8LA9Y4nbPiTY5J1uludOosPHingtshVQSbp7uzeorOJDV19A5MTIhuSSaYtRtZtlLmc/QMe9gl5Uh1i+adWln2LCJCxEgr05BM/JsQjI8SNeyHCx3e6G5EGZGiakT1OTNfoD+ss3fq3mKrQgOsPzVq9Dw7rY9QVDQKiaWY4oNIyRZGAO5Rr3RG/w2aYK+ZAFiPDZO2sXfKead3eXo+oRVRZ46U0qJUll5aLCIgMmGSTaQXzo2j1mvVr9cjlYWKawrxG4Oh8IAX8UqYiJz6NMveABYCeSXLNVuLcKfzY1eZsJfFCiJWyFrrFxXWedVjPdQXdruf1RBK1VfBO6muR5yz26AJzEJ0zy+2Ao1VVEHaxFQUSNzDWp2Gd8nHFGXm4wdrO0G+eY3JLrULOreR3LyDtYx5xUzfsK+nxoWTdk26FfMS96Qt7ymy9bOT3ZNip0OwP1Oo23XJ6E90gxNxexvRFHYaaE8u3okpn7RoP+zo4U8IiWaBWNArwVMGGqipRKJ0mHN87IUrpMAqFgo1sppxKszGIx3R0OIRMdVIXUxUqzqK8kpgo51soF2Woaf4tpipkvJ8ttEk+pBYrd9yh6y610k8wwlmhEU3r936HzLA2W6dQGSZpZbQ2cWXtwMzEBo/t6ftL+J0GtZKDMmGiI5mawyiXWhpQw7dou8iFol19e4WLCWqhgT1KkkK9pqA5RxgcIeZ4igcD+VGXjYLJBoC8S/p1K+RklV5mMnOH0TZYMdUTPcOsZtYdHJPoehg03a8dWQLH8Am/a/B+5JnhaJEnLPbogq+Nt5cfVxPmjiDZ5A0UksYL7o5mpcS0XXZGGycaQCsgW+n/z3NMXqmV76mKfo90B4FcsbcmjB8bpaTNnuopVXUlfFczFe0480gWMth3oTwnEJxooesUJ44ZtrgsUi1ClDwJOyNMTcVtrZk44mGfkCfVIZYFaiW5uckodvz1IjLeLRT6a/jnPRwlMj3ojOWMyKpHyQirHseuWmEQ1xYac5nFPMr5MRPRh14cC6tM4uTVqRUQNU0SYTwJG7opsrjoZn7HJv0EDrd/sk8utPt9jyHgGCac6PQ93RoXIlk7oxcseZBh7Ja1XOgSd8XsjhJQKd83z9aa/Cg9aqUiWeLAmxNhjECvd8JMwskDeVFKu4MX8xp3kxQVjnbAF3o0UCRCxQ0xcs0hP+reIW6Z+JSl9C1eLz9WycxM1zFTPcNs8IgqmOuNQaZqcyX+wOkL4QcSdsUzI0Il2cwQI/B1w/UThQo2t+0Rz0JMIOSI5A30IfJVUS2KiLtQRLQv+hLPMaBWXpdhkCWMH0tiWBdQavgVfky3yX2mO3BH82NmUMShH7FCpHKw+TEfoVRf8lKS0sz6ixbMxW8e9nVwpoRFskGt9I5v9dRrgizMA2JcRzHkeVoNPVInGyV1JqCHvLUDk+JbCQ2iVqJjhB5ERBOoLykDZvw2yTgWO5FVWSdr0l15K4HxDghrByanT1SgVhwZGiZ0x6ZOaBpiRxB3SmN9395QW1TbbHv5+OUlD7erS8uZT2XDDZeS2JpTH8QaztOkVnw4IwudwHOMUphoAe0p3SJ3/JV3JfJ0rMVIZeiKdpxTYZw9/nXSJvqgq9bB37kVb6poI4teo9lh2NxINwb4nfAxAWhx8E75YopnRlhVyB5qrHZNmtQqeQO93kF9jXUHaoTOnRbYiLbFX+I5Jq/Uynm4paba4A/53XcrkQ+ZbvxewFEL6eE36djtAt5kgZDg3owStp4ln+pT25ZQlf6FCCN1ePii8jx5KLpzEzp/2a4XrT+zV3nYJ+RJdYi1hlqlDrqIEkbIUtffVIWh/t/U2rNbmRg7WLZLzdB0qZWcLJFk3RklxfCqR0yy3R/4vGGUnU4PrO8T3zmTxR1aI1GgUdKSmOhBMy55uNelKomzsFB1KzHl2WdP3QfiWFO94Z4zAHGLLVOqKVW9MmLou7kedjdpYOO722p+1zMjrCpErdyELTEx03K+4yoIM2R0rQSCnZGNbWBEc9yZSGdawiG+9IzEkNFV+795jskttfJ8V9nvEnzTDXlAypA2t3hvrR4/IfLhaPbvuj2OTa/S3P+G3rVmoCO3socT34P2PCLS3E4q5y9slnQtlM9RLMD4YMXGAVEhHyKsAfk54mFfB2dKWKQ9qFWC0M+P452eliOzG2wq9WeTcdOsLGVqpYceOSBSGtYTfmt66Y0bbfyJwb4BPs+nXpnWt+XIKMqSKhoKRb40B0aQDmi8VtOZ9uMLlGkipz9NaVaQitvswqZX6aJD+skMPRabZrqmeh0zcjQ3U7NiSpX+Sc0atA2D+rqxWB5Q01wCoTiQbK+95Znh6RGnLo8hAUlWSJUzPSxuWlRV2osTjkp4mj5WbaANALV2LNF2/MWcxWwQr7MNzExHNNS5xHNMfqmVdp/BU34KR7lJOYi128Rqoeh/fIHd6irY3lo9fjTNJRvs04g2yVAlbYatiIRt3FLQiruGA0l322DWKtQEuamCRYIWoVrcMZMHiaPT6c5BMDNtvhhSZMYIzVLSVatrzMVvHvYJeVIdYrmnVjJGGzGZ0bIooehvqxYtEUo5HJixZonaQsWXSK1C+nABCOQDAZ5jck2t8gF3Y6wUtMwhSY2ppo208rCvgzMlLJJ7atVGHkdTWoMAqFVrcEetrUaA5xhQq1Z7o876Qa1qBY6HfUKeVIcYqFWtfoF8uyEAatVuHkV7kiHAcwyoVTLMIJV7BHjY18GZEhYBtcp9oKABS0QA1GqJAKJ4ThHgOQbUKqdOhNm1IsDDPiFPqkMM1KpWv0C+3RAAtWo3j6I9yRDgOQbUKhlmkMo9Ajzs6+BMCYuAWuU+UNCAJSIAarVEAFE8pwjwHANqlVMnwuxaEeBhn5An1SEGalWrXyDfbgiAWrWbR9GeZAjwHANqlQwzSOUeAR72dXCmhEVArXIfKGjAEhEAtVoigCieUwR4jgG1yqkTYXatCPCwT8iT6hADtarVL5BvNwRArdrNo2hPMgR4jgG1SoYZpHKPAA/7OjhTwiKgVrkPFDRgiQhIiwuxAAAgAElEQVSAWi0RQBTPKQI8x4Ba5dSJMLtWBHjYJ+RJdYjVRq1ueW12+fDswuWrtTYG8kAgmwgsXL66fHj2ltdmZX8Ldq2I/clmA2AVEKgLgatXr/Icw6nV1asY4evCFIUyj4AX9nVwpoRFklKrM+dKJ0+f/es3zy4fnv3VVDnzAMJAIJAIgV9NlZcPz/71m2dPnj575lwpllftWpFIHYSAQE4QKF/8XMb87PzC3MIFSa3kOF+++HlOGgEzgUBtCHhhn5An1SGWiFqdO794Zm7+5OmzP/9wRq6e/GqqjLmr2lwK6YwhsHD5quRVy4dnf/7hjEgzc/OgVhnzEsxpFAJnZudkzJ87vyiplRnnz8zONapW6AUCLUXAC/s6OFPCIjVQq+kzZ6dOnvr7txW7khwL/wOBvCPw92/PTJ08NX0G1KqlYx4qbyICc6V5E/MetZLj/FxpvonmoCog0AwEwmGfkCfVIVYTtZo9Pn3q8NRnL75/Ys0bp2+mfVd5T6uwv2MRuPm12TVvnP7/g/nw1GfHp09Nn5mtPGu1eKGMPSjNGP9QR8MQuHr16uKF8vTpMzzmQ9RKjfPTp88g5hvmCihuHgIVwr4OzpSwSFJqdbZ0/tTZc5+dOn30s5OHjk59evjoJ4eOfHLw8Mf4AQI5ROCTg4c/OXTk08NHDx2dOvrZyc9OnT519tzZ0vkKC4KIeXT2XCMQF/OcWmGcz7WLYXwYgcphn5An1SFWnVqVFsv85ZGpk6eOHD9x6OjUgSPHPj189NPDR8TPIfwAgZwgICP28NEDR44dOjp15PiJqZOnzKtSFagVYh7dPK8IVIz5uYULMnNgnM+rf5F/IxFIFvZ10KYkRZJSq3PnF8+Wzs/Mnjsxc2bq5Kmjn508PPXZ4WPHD4mfKfwAgVwhcPzwseOHpz47+tnJqZOnTsycmZkVU1bnzi9WoFaI+Vy5GIOSh0BszHNqhXEeQd5eCFQP+yQ8qQ6ZpNRKPtCcmZufmT138vTZz06dPj59aurkqWMnpvEDBHKHwNTJU8enT3126vTJ02dnZs+dmZuXr6BXoFaI+dx5GQZzBOJinlMrjPMcMRy3AQJVw760WG7ETyJqJdcEz51fnJ1fOFs6f/pc6dTZc9NnZqfPiK8B4QcI5A6B6TNnp8/Mnjp77vS50tnS+dn5BbnjpAK1QsznzsswmCMQF/M8r8wtXMA4z0HDcd4RSBL2vAukdZyUWkl2xTvembl5+XP6XAk/QCBHCJjQ5aRKPrtXoFZnS+dNwRw1FqYCgdPnSiZ0wzHv5RLzjSv5IG0KAkYgkDsETPRWDXuvFyz9tAZqZdiVJFjnzi/Kn9n5BfwAgRwhYELXvBtl1kQqUCteKkeNhalAQE7KmgCW5MnEfDiLGAFTRE5lAUkgkC8EeACbqA4HfCOuVKFWlyb+Nubne5cm8AME2gABJ8IrUCvTM3EABHKNQPJEkutmwnggwBFIHvapSFahVhUyDW4BgY5CIJX+BiVAAAgAASDQ9giAWq3oKH6AxtaNQNuPBWggEAACQAAIpIIAqBWoFRBIhEAq/Q1KgAAQAAJAoO0RALVKlFbrnupAwbZBoO3HAjQQCAABIAAEUkEA1ArUCggkQiCV/gYlQAAIAAEg0PYIgFolSqttM/WChtSNQNuPBWggEAACQAAIpIIAqBWoFRBIhEAq/Q1KgAAQAAJAoO0RALVKlFbrnupAwbZBoO3HAjQQCAABIAAEUkFAUKvF47/DDxAAApURSKW/QQkQAAJAAAi0PQKCWuEHCAABIAAEgAAQAAJAIBUEQK3ALIEAEAACQAAIAAEgkBoCoFapQZkK1YUSIAAEgAAQAAJAINcIgFqBWgEBIAAEgAAQAAJAIDUEQK1SgzLXFBvGAwEgAASAABAAAqkgAGoFagUEgAAQAAJAAAgAgdQQALVKDcpUqC6UAAEgAASAABAAArlGANQK1AoIAAEgAASAABAAAqkhAGqVGpS5ptgwHggAASAABIBASxBYOPFW5E9LjEmlUlArUCsgAASAABAAAkCgZQhcfmt9+E+ilT/6WSospyVKQK1aFkwt8TcqBQJAAAgAASCQKQQuv7Uuilr9U6aMrMkYUCtQKyAABIAAEAACQKBlCFwe+1YUtXquJjaTKWFQq5YFU6biAMYAASAABIAAEGgJApffvD+CWn28tSXGpFIpqBWoFRAAAkAACAABINAyBC6/eV8UtXo+FZbTEiWgVi0Lppb4G5UCgYwgcHD7ukKxS//0jCyanni8/15znQ66xzNiM8wAAkCgEQhc+f3qKGq1rRF1NUcnqJUZ0HEABIBAcxCQ5MnSKUmzNo7K2unuvTsOKrLlnTbHQtQCBIBA8xC48sY9EdTqk39pDg1qRC2gVs2Lnkb4DzqBQP4QGO0pFNf1H3K63kh3V6EoyZbPpYh4+fL5a7WdlnMajoYAASBw5Y27oqjVC/lFBtQKwxwQAALNRMBnTmr0FHyriyaufAGiVnaKK7+jLSwHAkAgEoEro38VRa1ejBTOxUVQq2YmFdQFBIDA+MZiVyG8ferQjtXFrtXbj5cWXWpF1yPkMQkEBIBAuyBwZc9/jaBWn/6/uWBRkUbWRq2mz8zjBwgAASBgEIgcVipeTEat7A53OZVVDyU1RuIACACBLCNweeSOMLWa/+CFxtlccYyqZ7TxFIJagSwCASBQPwLegJLgNBm1ktvYaZWQprLqGewaNy5DMxAAAikicPl3X4uiVi+mWIWnKsFIVc+YY9TWRq1MMRwAASAABOpCwF3vMysaMXutaHs79rAvaZSvy02oEQg0D4Grv/s/wtSqfODn+Q1dUKvmRU9+owSWA4E0EbAsyvQ+zrf4cbm0GDPLZTgZDoAAEMg5Ald/tzJMrS4c+EWaw05zIQK1MoM7DoAAEGgOAkSe1KcWRI00NWX2VHnUqux+9ao5FqIWIAAEmofA1d/+lyhqNQBq1Twf5BdrWA4EgIBBQBKm2K+x20+GltU7g6FPYRlVOAACQCDXCFx9/T9HUKuDv8xvozBrBVIIBIAAEAACQAAItAyBq6//WRS1+hWoVctckl/oYTkQAAJAAAgAASBw9bU/jaBWhwbziwxmrUAKgQAQAAJAAAgAgZYhcHX4K1HUaieoVctckl/oYTkQAAJAAAgAASAQDP9xFLX6dX6RwawVSCEQAAJAAAgAASDQKgQuBLv/KIJaHX4J1KpVLkG9QAAIAAEgAASAQG4RWFgIdt0cRa1eBrXKrVOb+xmx/AYKLAcCQAAIAAEgkD4C5+fDvCrYteLC4VfSr6tZGR8LgiCFQAAIAAEgAASAQGsQmD8/F02tjvwrqFVrXJJf3GE5EAACQAAIAIE2RmD+3PEkrZufPxtDrYaSFM+mDGatQAqBABAAAkAACACBlBFY+OyNJLxnvnQ6hlr9W6Li87NJxJosA2qVcjA12X+oDggAASAABIBABhFYPP67ix/+tKph86VTkdRq8ej/rlq2tFj+/L2nk4g1WQbUCtQKCAABIAAEgAAQSBmBxWO7g10rFo+9WpnWzM+djKFWv6lcsLRYLn/03KW9D1YVa74AqFXKwdR8F6JGIAAEgAAQAAJZQ2Dx6G+CXSuu/va282c+rWDb/LnPYqjVv1coVVosXzjyr8GuFZf+4/uVxVpyF9QK1AoIAAEgAASAABBIGQFJfYJdKy6P/7cK/Gb+3FQ0tTq2q0KphZMTV397m6BW7zxaQaxVt0CtUg6mVjkS9QIBIAAEgAAQyA4CFw6/ZDjTxT/8P3GGnZ89YsT4weKx3XFF5s8du/zmfVL488kfxom18DqoFagVEAACQAAIAAEgkDICFw4Ncqp04XD019XPnz3Exczx4tRwHDe69Pb/NGLYxp6y2+JAx3UgAASAABAAAkCgtQhcOLDDECBxMPzHCzP7wiadP3vAEdu1Qp4uTr0WFi4tli/u7+Pyn+97JlKstRfbbdZqpLurcO+Og836mH1rnZeR2qtjfmjH6mJXQf7AOwhOIAAEgEAHIFD+dDvnQGLT1dja0sKil7nOn/nEE9PU6nVPUmxdP/ALT/jiHzaFxVp+pVZqdbz/Xp0jKVOu3p7oc6tNa2f1NN8BAd00tGVFSTA/eEjGCcVP93iTLUR1QAAIAAEg0GQEyp+84NGgYNeKz9/b4Jlx/vRHYTHx1Ybjv/UkF6d+G+z+I0/44v5/8MSycFoXtbITD+Mbi9maJUqS5rOAezvZUBPmB7evw7RiO3kfbQECQAAIRCJQ/nirR4Pk6YUDO7j8+dP7I8UWj4+4Yh9e2fNfw5IXP/gxF8vI8RKpVbm0SOwqM/MQNaX5jPgg72bUgjnNWllqju13QAAIAAEg0J4IlD/6WZgJySsLJ/eaxHd+5v1IscXje4zM/Pzs5b3/PVLs4ofPGrHsHCydWpVFZi32jKiFNr5iuK7/UFTEjPYUis4tMZOhNZA2tea4cVQXp8069nQxdl1JpvkRoVAqMYaVS3zHj65OXuTLmmSMNi+ySHhJUbRIr5PG8gbBQVd399hdR5aPyubs0Iutunau1ggLk9b1j5rdS7KBRHCFDbosGRkNZth+yY9VE5iGSANkcXtr3ep7nZlLXikHtrRYJmy7mB+1fyNMwi0gAASAABDIMQLzc9OX31wTyYeuvHH3/PwZyYQWTr0XKbP42aihSp+/93SkzNXX//PC9KQRy85BCtSKcRFnfTA+jxLJsJu0BLGgHCxpmSZDlLxVbq6JWhWlNhGRkmnRrvbj/fca0kAVaQ7EZNQknKqUDDA8gBiD0cDDfXyjIWqV5vAccNRsn7JBNtyaHWIhrKxke9p4AfK9O/q7JWgcQH5cLnEwPR4jFRrqNtojF+xc9zEDfIbEweTHmssazVSRR7ay0xNgCRAAAkAACKSLwMLJ8WD4jyNZ0eeTT8i6FqYnIwUW9V93Ln/0XKRAsGvFhSOJ/oRzuo1Koi1NasU4lmQelGhNZmUZXRIC9R6fyLhEWVwq4xAjysqG5ZSqzVqZNwTJJM3VmAFENTRPEvWGj4XxLg/wGCFnV/Y4tkZiXY5CW6/LSISdRGU4dEbYg8I7NWLiwJkfchmkNTjmerwBoYZYDaJSB22OhhDjLeLuwDEQAAJAAAi0IwIXDv4yjhiVP9lWWiwvTL8dKbDw2e/NX7OJFCh/9FwSltMSmTSplU2xOj7CV1QjDZ2SUyA0B8PTsBSzVzwCURu10rRJljIrd4ZOMW02/VONdplPl3K4kW6mYkJaxqMX2q8hZmYbFeKg9pbmQOaKOZC1e6eaWlnotJHhK2RYiEJFql1UU1CC3eoqdLvs1KBAz4JgjiXZEhUxcqzbpc0z2nAABIAAEAAC7YTAxff/70huRK8Bjiyc3Bt5d+HEm+av2YQFPn+3O8sQpUCtDH8yB6bB4Sv6liET4kBm3HDut1c8AsHIkFaoUrVXI2mQ1Io4hF5H8/mBnG4RtWgeRjXGECmXFpCkmY+xNvukIbvUKqKZPuDJqZUza8W8Yx3NLrpI+ojhLhAAAkAACLQDAnGb0K+M3LFw4q0wcwp2rVg4MWb+mo0ncPmtvymdn89yKlk6tbKMgfEYGQqGP0VFhmUzOhmLK87EhuVJfqaP1WyLUJ62JrlzLULMsCghSQqLfMWKqFiCBSyXS0k9ukUOV7BAyYCwtkUwxVDtxn4PCu/UiFUA07GKDDaM095KbADb0MZaFOVxqxx3gQAQAAJAoIMQOH/m46u/u91jSPL00n88HH2d/TUbLnD1d7efP/1BlnlVabG8RGrlJWYnH1dLtEQ17l1n5nsUvzFp3iEHYc2cBtkAjaVWnIKM9sg39fj6FFnrEDt/6/doT8TszqKzQHZw+7qN3WznlkMmnCao1xUVdSMYXRrnosfK8obwdTpZl6FWkq5Fg2nhEtFJOFsvHNqxmiyJNUDRUD2951TkMcvj/fcalklNcOisa4aDFW4BASAABIBAWyGwePQ3nCHVfbx4bFfGeVW91Irtp+HshForM6jcZ2Oyb3R8hKaO2OwRVeEoJ0oht/Ks3j4uvlPgchGJdSy10u+1CQ1U0JMU+6UMETFpXtIO1d51G0ejPz1PDRFNJu4VwZMMMqvvNV+F4PZHF5FsT+1eMo1NSq0qgmkaKA8YtmIyb/S4fA8g2gAqYppcKHofX5DsSm+06t5xUH2AA9Qquhdkf4yAhUAACACBVBC4+OGWuhmVLFj+5F9SsaTRSmqdtUozPYjMHWYzXtZvn1PBLaLnvdqnjWmGR6NDH/qBABAAAkCgyQhceufRutnV5/v+ryZbW3d1LaRWnUY1Oq29oFlAAAgAASAABBwE5ufPXXnj7jrY1eW9/71uotP8gq2hVnI5yVnva/+ZG1Arp4M1P9ZRIxAAAkAACLQcgYXp/wh231ITu7oycsf87LGWW57cgNZQq+T2QRIIAAEgAASAABBoJwQuHByoiVotnHgzX80HtcJUChAAAkAACAABINBUBD7f15OQXV04OJAvXlXHG4JNhT53aMJgIAAEgAAQAAJAIAkCl9/6m6rs6uIffpREVdZkMGsFsggEgAAQAAJAAAg0G4H52WNXf3tbBXZ1aeJvs8aZEtoDatXsYEroGIgBASAABIAAEGhvBBaP/zaOWl0Z/av5+XM5bT6oFagVEAACQAAIAAEg0BoEyh9vjWBXu/9oYWZfTnlV9b1WFz/82eXx7+AHCAABIAAEgAAQaAMEMshXLr3zmMeuFo/+7wzamdykKrNWFz/8mddgnAIBIAAEgAAQAAI5RSA5P2im5JXRvzJ4lj/6WTOrbkRdVahVGdRq1wrjbxwAASAABIAAEMg1Ao1gEkvXeX5mv0T188knlq6t5RqqUCvMWuW6C8F4IAAEgAAQAAIcgZbTjjgDLhz518tv/nXc3XxdB7XCpBQQAAJAAAgAgU5BIMsc5fzZw1k2L7ltoFad0p34UwuOgQAQAAJAoDMRSM4PIFk3AqBWoFZAAAgAASAABDoFgbrpAgomRwDUqlO6U2c+n6HVQAAIAAEgwBFIzg8gWTcCoFagVkAACAABIAAEOgWBuukCCiZHoH5qVf7wZwsn3sIPEAACQAAIAAEgkCkE+DSVd5ycH0CybgSWRK3qrhUFgQAQAAJAAAgAgQYh4NEpftqgGqGWI1A/tTr33k+OnjyHHyAABIAAEAACQCBTCHAu5R0fm56bPnue8wAcp45A/dQqOPDPAf4BASAABIAAEAACWUMg/u+IXLly9fS5hVrZ1T9/ev6bb83d/Nrs8uE8/dz82uw335r750+bTSVBrbLWIWAPEAACQAAIAIGlIRBPrYIguHLl6rHpuYRTNR+dvfDNt+b+7v3z78xeunhlaVY1vfTFK8E7s5f+7n3BCz86eyFhk5cuBmrVdFejQiAABIAAEAACDUWgIrUKguDoyXMJCcQ335rbfqTcUGOboHz7kfI330rKJhMiU0EM1KoJPkUVQAAIAAEgAASaiEBK1OqfPz3/d++fb6LdDazq794/37SVQVCrBjoSqoEAEAACQAAItACBlKjVN9+ae2f2Ugvsb0CV78xeatrEFahVAxwIlUAACAABIAAEWohAStTq5tdmc7e/Kg71i1eCm1+brbCKl+ItUKs4L+A6EAACQAAIAIF8IpAStVo+PJvP9kdbvXwY1CoaGVxtIgKlj4Lf3uZ9E6XS6fvdTTSuKVWVZ4I3/spp8qEXm1JxSpV8fi7Y/ww58WbRiuEvB28/FJRPp6Q9mZowhnv/JlnJhkkdetHx6a4VQSqh66l946+C8kzD2gDFQKAiAqBWUfCAWkWhgmstQaB8Oph4wKai4S8HJ3ZZQ84fDj76h+C1rwiBVPLT7KSorlU56dOfBX/YYFsXBMHCseCNv7TNzxG1mvtDsOcOYfnoN4LZSdsKr4FOaxtzcnkxmPwfFsOWU6sgCD4/F/zH/2lNSiV0r14JPnk22H2LUgtq1ZhogtZECIBaRcEEahWFCq61CgH+OO5RK2nS7HvB71amQK0uLwYT/01MFLWEWsW1Yu/f2BycF2p1+UIw/i1l9t6/CS5fCN7+W5H1f/dfgpOvtSCOeAhlgVoFQcBNSoVaBYF46hj+MqhVCwIMVXoIgFp5gNApqFUUKrjWKgR4EoqkVkEQfLoleP/vl2Tg1SvB+08Fu25uDbVa/Cz4/V0iKYazbB6p1cwbwWt/aqnVkhyTRmEeQqBWaSAKHUCgEgKgVlHogFpFoYJrrUKA58X/r71z/46ruA94/w5+yh+QP0A9kn2gHAIxpTSQJqVEpk1JSRriHNzTQFtCDCc0DiGt66RuSuqQB6SEhLZ2CnnsXflty3bBL0wsW1h+yTZY9mr1siRLmp6ZuXfu9z50tSvdlfbufnT2wNzXPD539s7HM3Nn51OrG++o099ZfAbnZlXfd5S3WtvA8vdaTQ6pQ4/5ItIaaiW7T5pBZWQVaob80Gu1+O8qVxaBAGqVdpdQqzQq7FspArJdlGo1NqBObMghUzMT6vjXVmySyshpv7/KPoxQqxzuaCIKWYVQqwQedkAgZwKoVRpQ1CqNSvPse3vbExteKQ02T4YanBPZLkq1ulJS7zyRnva7z/mdQPYbfvjzeuLwu183E9671O771ZXf+BdOXlMHuiMnu4eCbIPnZtWl/1F7P2V6tkwMF95Qc+IXreSwXalTz6SZm1X9L6kdH9PSdvRJNTORktUPesKBM5euDbhpVTLmgZ+okdPq4KM6G95qPYEp9YW7a/vUgbWqfLsu18579Ozm2emU1OUu2c/kuu50Wn8ZnyOVjWK+9zobBHN6WJ35Nz1T3hbWW6X2/om+U/LWxLqIZE4kgVhYMvRW61ufjPbmVT2IrN9j7dKfXfep372oa1ryb/ikfj3CToTadZ+6+N8LzLW6eVXXmR136ztYvl3f6JtXk7HG98ibuO9P9SX9L+kKUOrUebv43/Hz7YR69xant1pXreGT4Wmxu7lzjRrp01VOz5xbrb9N534aniyJ1VjrwosJtRaB2NNMbpqC1vhDNyu++MLQyeGO8siJnG5Oy6jVtdKmLU9sCD8b32qJt5FRK6V023ns79V8zeTstO6Ict/nA91q30PhZqlTC82He8PvS6xNik1jn5lQR/7WTMP6tH5l7/ph3VCVunSz6prw6WF18LNhEgM/0a2sHWG0yV3bFyYXC0kRzO61OrFBzwR35Sp16nn3UtrmZtV7L+h0d92r86lfMDQFj50Wy4DdvPCGLyhWra4f0sri0rIWWwuK2Hzq2D2qJYYaYV7bp2/EzjXqqqfd8dL/+O7irVbvb40UUdp5LD+R88yGGx32Vms1Ge33X3X0VqmT3whPrxzXjq5ZPaTPuXlVa2ipU++sHA9P0zR+6wv03k9qcRnt12cefSpkG7vpV3vUzo9ro9VOPKVOPOt7WyzaSBpmQ1bjvZ/US11o5+v0Pz13qsu/jlzk3uI8/jWdUP9LvjDJ04YO+IanNX2Nun7IL6aN9sBaNV3V34JF17pIhthoFQKu1iUDpoiNVquhk8Obz+UAszXVavLUS+FzIXaHYo/OdIZGrTbt9v+5N7h744YtT7jN9EuKsBe1mris2xtv9bxqFeuo0AryRf2vbdmeyVUAZJuUnGt18h91E+WtUuf/068fVoa81er862GNkYZ09Cl1/Bk1HLS+PXepXNSq5051aVvY2Cel7eyPfJ977wU/Y2d/ZNrXLnXq22FWU0Oyi0I3zE9oZTn1bb95tmpVIwrJM6YyNcawIEy3YFX5dnXO3Be3R/vNH6mxgbCUdanV+dd9hgc/q99tVCpc/sPVjclrav/D+unkrVIXgjpwaZvvpvv/TE1c9lMf7fcNrNSlzv7I33n9cOgrsXcXqieNuHeq/Z/xO8CqvzMdY52q95H0LjFXTondr/PX9CRCJ1iyl9cVYdd9ukYppV+Mteuo7b7f3yN32h7Qo0/p/rbzr/mIrFotpda5zBNoJQKx9lpummI2WK3GN5crHXtGl76GXmuq1VS+aqXU1bdeaYWhtHZWK/kVLXXWqlZ7P6nGL+hvtGxiZTMj2yTXfNon3Y0j/pDKzntUNRgrcfEc/kLYcSVtYNd9qvo7HcH7P1DlO9Tb6yJ9SzZm9195YawDQyldRlfqvmCqvtspm/aJy34/U/mOcMTTFS1WLpe6C0i18lb5b1xOXNYDpj136a6X2lG4RGP3qPYYJJNUmDK3+x9WU5XQDGz/ykifK1nkvsdULzzJhKaHtdNY4O5eXPmtrgPear3qmO2n7P9331ekNIdZ6tKvrNq/vk3+mTvuVjfeCVM79nR4W11CSim3380jdMYjR8PDiERIYt/zCTVm/tkud1oTsle4Ihz6q7AO+/VKWKBLXTPp0pY5N6sr89vrdMV+/wdaIm3v5uJqncg+wdYh4B5ZyYApZGPV6txIx+GRzeXh7deXSrQ11SrnXiullJaSLS+/bR1rW0mblh4u9AcKbbeWHUAMO7fee1lfov9rTraTnMKhxpffFjfPxO8PQf74PXEgHjz247RhyvQM2GtdBrZs3BQRROOLQWyZicYzUZRt5zF2Re8rJf00P/607jDIaCblVe601J2xAayYgpzZ4jeBdqKJhebikb0j0gZch0ctkOWFspW11zqLslO4Mna6XhPZBruWVUpAaq5CMzDzey5ti59VOwqXaEytao9BMkmFOTerh1zLd+jP2R/qAcH+74ddQdKDY0rtKkO8eGZ78M1wVDR5L+wlMzfDwV9ZKyRAm+f5zoxlySU0cckffJRdWVJuTv1Taq79nRK7q8apO2XGJBBX2dw/PGTqpU51Zks8A0usdfHo2G4JAkmjcntM+RqpVpPb91Q2n1MnDlfWn5x0NK0kbT5c6SjbTyheCx6yc61OHI71hOmEOg6PuyQWDLTWXKtQksJeK19HxCFrXcFkLGtO245pVNZpbNjK2bbSW9vsLHJjSP6MchtnYFrmKhl/SF1Gbs2QDisAAB8aSURBVOM3MRgtS8uAUla5Am2SfW8mA0HebFbTEw2TL17IeYxTK6X0SM3/fXE51OqdJ8LeBfd0cAHZskobcF0OteCWF7pW1l3oWrsF1erUP2VlVfqWi1wGpBnE1MSeVjsK2ZzLlrv2GCSTbJhzs+rCG3oE8L1vhmu+xworq5DMjyy+DTv5k3ITO21sQCdn64CsABKgde75zpxPreR6YK6OyUCyesi8SezZaiUzJuN3YUdJqpXsl3LpLrHWuXgItBIBV5GSAVPMBqrV9dH1duL5uRE5A934k1Yu+yc3ZVgpJTdNOJjGriMMhUzphMRmDbevRdVKCIq0EwMkOitL+TZjPElLUmA8vmmFmyZOd9oTgf3oOOcbtkvfn5EBpf1JCpOLQacefVXQHarhNhfmFNkuyiZz8E39ayHz/cmrXDuRujO718qZTaptyNSlDWQ3gfIqpfQyoe4BlLzQZWBBtXLxpDaBsUSTm9IMpDG4M11OFkSR2sbLwc0FY3BlyVAcpfT7kr1/oQeqTjyrJ5K7n1yU9STmMa4yuHLJgEz36FPySBieD1Ryf3KPi0VWRXfTJbdsoXTxyIC8PFutZMbkgKCMzYYjahX9mSl7giO2uFqXTJE9LUDAPdCSAVO6xqmV7lvye5L0jKuoSwWSpPMQ9jlF/CnrkL7E9YTpq+qcztVaapX2hqBRK9fZkxAmDdcZlQuYGhHuN5tOrVzAnhWRM7dLB6L9TO5QLJWMDITSZvvJ5CuQYsjSxVz8gGyEZJMZW9dq5qY69c9qKhhdl1e51jR1Z41qVb5dTyHP+HNtTLYNJGPIvtAJTe1qlTpwk0w3tkc2t9lqtSCK1DZeqtWCMWQzsTm3b9LZlQVG+yNzrWQ9qUut9Cz74JU6ZycxUKP94XuaEpQEuOtePRNc7pFnxrKUqlapw6CxnMQ2U7Gn7pQZ2/OgmrgUiyncrF2tFlfrwpQItRAB9yVKBkwpG6ZWEZ2SQ3gJf9IjhtaNaj8kdCqiWTXeudZSK9nfEwBYYbVKydKi1SraaxUUsKX+L30o1mTKcn64V3di2Ve6Yk3XUtRKtrXHnpYJxsO12ED8GrOdfWHtanXup/6M6VKn/gk/hyI10eRO2dzGPMCeXDuK1OZcKT0N3D1qlwgzfPOu01/eLEMCZBVylSFJQCn9up/7heOeO9WHu1POmq7qZcNsQSQoCdBOGJ+6Hq4H23On+kD8fqLMklOriLTdo98bqOsvFXvqTpmx8u1q8M1508mgaq9ZYq2bN2EOFJmA+5onA6ZYDVIrI0luNlVkTlXt/qTU/NalBwFNT5gbdqznLrWhWmWMx8WkJ7oZdlbp/bUMCCbGIu2dyciAOZQ61KiH//Ss/Bb/k43QfGplf1nZzb3NUa3kvOYdd+vFotzfxGX9PpdbBCvbkNxVyUD2hbWrlXv/zq4zKfvYZib0kNlw5tJ30gykMbgM144itTnXXblikvgSYcoW3Y6dZUiArELZaqXl5r7Q/w5/IfJq5+Vf6Y4o+5uVdkUDObJ5451gHr1Y6sK98Vfq1Is/uT+9JkLQPebG/uTPWpc69cptbuE0pfTaDedecRGkBFKxp+6UryKWOvVSVXJ1tMu/Vqc2+fFnULVnLLHWpRSDXcUn4Op2MmAK1xi1MmsuROaV6z12CC+hVuHJ9Rwy1nV4XF8SSaimW9aGahW+PGgISdGJutR8A4LxlR0SphWSN4c2uOHIa6VNJhzxJJkBO/s+nO8l5UzOozejja3YiSXbxVS1mp32l1WUS1XJq1xrmrpTKf1WvF35Wo8u3as3z7+mVwTV8+UnImsk7rpPXe3RDd6NI7pnSOpLtiGFFSARklOnD39Bzxk6sUEN/tI/r3a1ssuoumdZz116wafZab3wxNtfTnm3K5aRBdWqdhTzNee1x7AgTHkr9zyoR9/sipe2+LF5P/JkVxlixXebbikvHVWX9pvJIV0NTm3SNcEutu5+TluObLp35dxiH0rplWndL1Xvuld9sEtH1bcpfA+xZBascqvqu0jsolnHn/ZTP71Fv7chBchl2AVSsafuVEr/I8HV+VKXfiNk/IKuLedf18W0i5XE1rVK/fYtsda5zBNoJQLuKZQMmGI2RK30NPNwcpXFqUf9zKx240/hrHOz39/MOKSScZrJ7OvNS4j13rG2VKtgaQZ/6lI4ZlerWinfrmpZB8GYUzAJbONb7121v1pj7CqRAXP7xKHY4gvGroJEN2071mI/gDM5FC7YaJu6E8/qBsD+TVzWL97v+YTfAeB+HCa2GvueB9XYWd0sHX0y7CqwO208Mzf1Oj3yKbDrvnBNbbfutjzBW607IVynQmwB8X0P6ZXQa/xzq0S6+N3i6Xo59U+HGbM/mDPSF76iX+rU66BKICm/29OlV5PPbpX1WJhYjd0uRO5K5wpSCwpnurY4u+6NLJdaSwy1wJQdYNZCjj2tF9V0DL3V/hKd08P6h1nc/j0P+j1PrlCxgF20yS2z6S7c92k9a979uYLYe+0Wvo+VV69tttVfYNNF1XNnZPVa+err3KweNnWDku6SPQ+Gy6q5PMjA3Kxevd1duONuPZo5O601zpVlx91q6EB4kV50zfwakktFLwn2cf2PB/cnV2O3rwu4yubOsYufyUh0uLZa5yIh0EoE4pUh6KAtddpSNkCtzLT05I/SBG5k/Wn9HjdcGGpWxiH3wqCbva6U6e6qcwK7LXXLqFUrVdX2K4vsRMn4orpD8p/Uss/DnrDvT9WxvwvbV7fTDee5X0bzVmmbGeqNEJe/6Zb6i3Kyb8lGLvMTiSttY6hX//hdqUs3de/8je6oiHUYuGIe+7vwPTi3003Wif8q3Cq9FHj/90P3Sktc75N9Gy7a1A6ebBTz3TUZVXYMcra7y0kSplvXylutZz7Zxe6v9vjDeTvvUQOvaPGV41kZscWw2FWydt9vTMX8OODp76ashB77DcGda3RPZ+qP/V35ra5U3ir9sbXr3Cv69yV7/1yvznX51+Gwsv0Rp/AHKzt139LRJ9OjldmWPXO2pDvXmMX0RauWXExV/vBf+Q/0P2MyfkPQRps6u396WC9+YX9O0au51sn8E24lAu67lgyYYjZArRbAZ/xJviEYnp9xKDwpDC1mAru9GrUKKRKCAAQgAAEIQKAOAkmjcntMLAVWKzMguLh13lGrOqoQp0IAAhCAAAQgEBJwIpUMmJOKqVZmKDA55hgWe4EQarUAIA5DAAIQgAAEIJBOIGlUbo+5YPnVKj2fy7sXtVpe3qQGAQhAAAIQaBkCTqSSAVNG1GpkYrJxn9/Ljnrq1EvxecfuPr2/tWUqIQWBAAQgAAEItA4B11InA6aQqFW2/CzxKGrVOl8lSgIBCEAAAhDQBJJG5fYYQKjVEuUp+3LUiq8hBCAAAQhAoLUIOJFKBkxBUatsN1riUdSqtb5OlAYCEIAABCCQNCq3x8BBrZYoT9mXo1Z8BSEAAQhAAAKtRcCJVDJgClqjWnX1VKZmW4TM1Kzq6qlkK1FeR1GrFqk0FAMCEIAABCDgE0galdtjzqhRrdYerB6p3GoNqkcqt9YerOYlT9nxoFatUWcoBQQgAAEIQCAg4EQqGTCn1KhWW/vHvvruWBBpsf//1XfHtvaPZStRXkdRq2LXFXIPAQhAAAIQiBNIGpXbo9Ts7NzFD2rtv1l7sPrq+cl4/EXbfvX85LJ1WY1MTKJWRasg5BcCEIAABCCQTcCJVCIwOzs3NDz+wY1a+2/6btxce7D61XfHjlRuFW7e1dSsOlK59dV3x9YerPbduJlXp9SC8SxerarHt1y4OswHAhCAAAQgAIGmIpCxrtXFD6q1e5VziK392k66eiod5SJ9unoqaw9Wl20c0OFavFrNHPprPhCAAAQgAAEINBuBDLVyzT+BxhFYvFpl3DkOQQACEIAABCDQhAQa5xPE7AigVp1NWPXJEgQgAAEIQKARBFzzT6BxBFAr1AoCEIAABCDQLgQa5xPE7AigVu3ydWrEv36IEwIQgAAEikXANf8EGkcAtUKtIAABCEAAAu1CoHE+QcyOAGrVLl+nYv27itxCAAIQgEAjCLjmn0DjCKBWqBUEIAABCECgXQg0zieI2RFArdrl69SIf/0QJwQgAAEIFIuAa/4JNI7AAmo1fuUgHwhAAAIQgAAEWoNA43yCmB2BBdTKnUcAAhCAAAQgAAEIQGBBAqjV5IKMOAECEIAABCAAAQjUSAC1Qq0gAAEIQAACEIBAbgRQq9xQ1iiznAYBCEAAAhCAQAsTQK1QKwhAAAIQgAAEIJAbAdQqN5QtLOAUDQIQgAAEIACBGgmgVqgVBCAAAQhAAAIQyI0AapUbyhplltMgAAEIQAACEGhhAqgVagUBCEAAAhCAAARyI4Ba5YayhQWcokEAAhCAAAQgUCMB1Aq1ggAEIAABCEAAArkRQK1yQ1mjzHIaBCAAAQhAAAItTAC1Qq0gAAEIQAACEIBAbgRQq9xQtrCAUzQIQAACEIAABGokgFqhVhCAAAQgAAEIQCA3AqhVbihrlFlOgwAEIAABCECghQkUXq3OHR/uKFfs58UzK+dJZ4Y7ysOvX1m5DEw0Mum9G2/7yGM/HWhkEg3NP5FDAAIQgAAElotAXWo19vpuX2KczQSB4d7lyrH0XONVgdBcqa7bXT23EtnQWZJqpcOVLM9b8ISVKsV86aJW85FhPwQgAAEIQCBKoC61Ep0WV6rrsu0hmoz0ofzCRvUOjeQXoShgvfmXahWFY/0vop7RE5oi/9nlRa2y+XAUAhCAAAQgEBBoKbXSErNSHVdSrQK41plS1Cp6AmpVAAKFu2VkGAIQgAAEVohAfmplemIS44O2Y6kajCTqwbveQ5WOQyP6v2aO1LrjYyMTk8Y/zB7XC5UeYaRjyVqLm+Gk41xIrcKEyjobQaMuxzqDEUabq93Vc2b8zuQ2PGQuHHkxmOa1bncw1yo42Q4IRpKz/XzRE3Q8sqQi/xaUiCEcdXX0OsoVCzAoiOMz+NPuj972Ef/zwl5//9lXH7vtIxtfeM4dCmdQZRwakb1WMmxqrb1w9wrV4ETBHQECEIAABCAAgRUgkJNaGV1ws4tMw28txFcW2fxbLQhO1nby4vHqi0awzIwl6wq1DvZJyQjEbl7BEhmbHJnQSZhsGEMKnMaqTESMAgOzl/tDe9aHgkPmqkC8ojTsociAoDzBhAM+FpevULZokUM2k/qSIK15hObsq4898uqg1Q6jPr5CmfBHo6blb2YciqjVxKEXPvJRF/nIhHY4sbkClRi7ggAEIAABCDQPgVzUSgtBYAC2ZdWyYvYYVwisxRZbG4PYE90052tfSbkwSS1mLdGoEm28kaFA6cKjESvSpuLyYPvSwr4iOVc9npbUHWlOfoeciMSf826tLlFMkclYEmFho/EnsST2hDKU6GEynVvPHRqZmMw4FFUrc2b3z85aqxv42SO8PDiP4CZuRFjrOAQBCEAAAq1KIA+1kuNZwQBZMFAVaoojGDOG6KY43482o3vG9DYF/UYjE2aoUUibS9EGEgrlt3PRDOidbk9oM7btDJ3GuWPQWC5SrRLxTIR7XDaS+deHIgOaQTZEG297odyYoO1YSvjT5O7nPnqb8aSMQzG1GhE6pa9ymiVSj8FnEwIQgAAEINAmBHJTq2ivlWvphSoF7W7MGKKbifONzcheLnFjQguxO6NRuTz4gbgnzZOfQqiVKa9hNc97mlqYws6kjF6rRamVGQS8Tfd16U4vN7wobk0cPocgAAEIQAACbUIgD7UyHS1iSrhsVhOqJPqELOKoD6Wcb2d5p6mbViuZbjQqmQ0TDvucIocSvVlhHuI2FsYQnuNXlEX2Wpl4ZE/bQgOCbs5+SK8cHW3Uyhi6lD5NTzz3p0Mluqb0mUaSkgOC4aF4r5Uf58bduvtqIxPY/ToQyDqbEIAABCDQzgRyUSu7YKaYbnVmODChhILkqVb+XChnGwlJiiiUP4lKTADvPWRHGyOKJiOZX638VxqDYkZzEhrYPEonT5Dh6AyzmCnKjLkqq89JUatwBpXWrO6NL3RLfwrfCpSdW8a60g+ZEcDYXHVjb92PWS2zJzAy6O4LAQhAAAIQaFsCOalVMDU7eEdv+MUzekkFOSXcIY4ZQ3TTqZgJuJlbYkKVi8cGjFuE6zgY/9C24Xwr4/yOQ9Vz/k/TGLvykwuvzVArHa2xIlvkcPGFYL+cLx9m0nZQRXQqEo8c+oySEfYm0p23pLo/ya6wYHqVghUTrD89Eq7LELpUxiFdWNP15YuU6Z6RWoZaxaoZmxCAAAQg0LYEFqtWjH0Uk0BiQDDs2Ms4lPr10Oczgb2Y1SD1hrITAhCAAARyIVCfWgWdUn4vEZtNQuAX58drrA0Z/pRxKC3y6HQuDAMCEIAABCAAAUOgPrVKa2LDbg+ONj+BDH/KOBQrlxkK5MVAaj4EIAABCEAghQBqlQIlZhJsQgACEIAABCAAgRoJoFaoFQQgAAEIQAACEMiNAGqVG8oaZZbTIAABCEAAAhBoYQKoFWoFAQhAAAIQgAAEciOAWuWGsoUFnKJBAAIQgAAEIFAjAdQKtYIABCAAAQhAAAK5EUCtckNZo8xyGgQgAAEIQAACLUwAtUKtIAABCEAAAhCAQG4EUKvcULawgFM0CEAAAhCAAARqJIBaoVYQgAAEIAABCEAgNwKoVW4oa5RZToMABCAAAQhAoIUJoFaoFQQgAAEIQAACEMiNQAPVamv/WHdvtaun0lHmAwEIQAACEIAABJqOQFdPpbu3urV/LMdetIaoVd+Nm929VYwKAhCAAAQgAAEIFIJAd2+178bNXASrIWqFVxWiGpFJCEAAAhCAAAQcge7eapOq1db+MZdLAhCAAAQgAAEIQKAoBHIZGcy/14ouq6JUIPIJAQhAAAIQgIAkkEvHVf5qxbx1eZMIQwACEIAABCBQFAJdPZWljwnmr1ZFwUc+IZALgbvLF37o/cvbpc/X9dntrf+ityuXDBAJBCAAAQjkSAC1arrXOHO8u0RVIAIPl4/+r/c1Veqs6/Nf3tc/XT5RoGKSVQhAAAItTwC1Qq0g0EQE1nk9vd6X6rKrkdLdL3lbbi9fbfmnFQWEAAQgUAgCqFUTNauFqDFkchkIPOf9or/0cF2Cdbb00D96P1uGvJEEBCAAAQhkE0CtUCsINCOBrvK1Ld5LldLH6xKsg94X13ul7O88RyEAAQhAoKEEUKtmbFYbesuJvEAE/rjc97q3sS67UqXON71nHi4fLVAxySoEIACBViKAWqFWEGh2Ao+WD5S9r9QlWFOlO37kbbqzPNhKTyvKAgEIQKAQBFCrZm9WC1GNyOQyEHjSe+tY6XN1CdZg6cFvez9ehryRBAQgAAEIOAKoFWoFgSIR+Jb3ymDpwboE61jpc1/xfuW+8wQgAAEIQKChBFCrIjWrDa0KRF4UAneVL77sbZ4q3VGXYHnek93lt4tSRvIJAQhAoLgEUCvUCgKFJPBQ+dgvvQ112ZUqdb7mffOu8sXiPrDIOQQgAIHmJ4BaFbJZbf6KRQ6Xh8CXvB37vXV1CdZQ6Q83eS8vT/YWncr2cRX+zc2NTs7suzi+ttzc39bLM0qpgcvNnckmZ0j2INASBFArnoMQKDyBZ703Tpc+U5dgnSo98pT35qLVp9EXRtQqkKypsan1zfzYRa2a+e6QNwgsIwHUqvDNaqMbOeIvBIHO8vXvev9xo7SmLsHa4z3x5+XDTVhAo1Yz282j8IF3xr43ODM0p5SaO/F+E39hUatlbLqasNKSJQg4AqhVEz+peU5BoE4Cf1Q+85r3Ql12pUqdP/e+cU/5vHsoNENAqpXNzzPXZpt9uA21qrO6NkNNIw8QaAQB1Aq1goBPoF4jaaXzR0sf+463tRGPmMXFmVSr54cCtfINprr52uyU7co6p+/gA6em+ib1tv6bnRu4MiHnZq3t00fN+ebo0OQz++19r37ryszQLf+6qemZfefHRJ6zj469OjQzatOcmxsYD3KIYUAAAu1NALVCLCDgE2glVVpcWc6WHvoH75dCLFasbki10gOCV2ZGjTHtO1npMGo1ODYz5evQzPb9lQfO3DIn+Lvs/0ZvTDxgnu/rL7uT3Qmz+96rdJSrm28ENuaOqLmBwVEDIfvo2Pbx5LVMY1+xOtMM9ZY8QMASQK14EEDAJ7A4HWm9q/Z7X/5s+eDKPiKNWoWyE1Elo1ZKzQ1cGV9brj5+bPSB8uhvJvQpo9XJ5w9VOsojz1+8ZeZmzf7mSKXjyNSAVqC5wQ9vrg+ODo5NPV6udJzWQjY6MvW9YyOmvCPr+6cHZ5W6dWvzQkcfuKjfB1Szszv6x3T32KHxn4/oZHhDcGVrDqlDoBkIoFaIBQRQq86kIP6X9/ya8sBKPaRiajU1PXP4kt8FZXutpkYmbY+UyeHUgFJqavp5MQZhu6O06AxqB5qq3EyW5VvXU7qdjMbpGfSZR6smh3OHT4uvD3OtBP8kbfZAoH0IoFbiychzob0JJPWizff82Nu0uvzhijwN5YBgPAN2QPBKNdxvOp/U+FS4p+yPGw5croSOlajeMYGzfWNOrTKPThzW07P8dxj9dFGrBOHIHeEoBNqGAGqFWkHAJ9DmIiWL/1vv7z9VfncF28UF1So67pbSa/W9ihmeG/Qda2hoPFkcY11zJwbSvwKZR8f36aledsJWcDlq1TYNZ7IusQcCkgBqFTwWeSi0PQHpFm0bPl569Mtej3xGrEi4TrWyojM3+OHE4/q9Pz3Xyk5713OtTk4P6Z6ouYErdq5V9fEzUwMTZjbV+7e0IN2a+Y2dL2Uu9KdhlSsdmUetuqmpWz//3agemjw09rKVOVZjb/snyYp8ZUi0qQigVqgVBHwCbatTtuAflO7/hvdakzye6lSr7DcEU1/0sx1OY9vHktOtzOR37QeZR49NDejFFuJ/0e40vlwQgEA7EkCt2vGuN0nz2WzZ+L73r63x2e49W5cmzpZWvext7ioPNc8dqVetOsqVtX1TA9OBJ92a7Yusa1V95sKtwVvB0dm5gXBdq5HIula3Zvs+vBkseaU7wDKOPvDu5OGbIk7WtaK/CgIQMARQK9QKAi1C4K7ypR9435ks/UFdXvUr7+lPlt9rHqkiJxCAAASKTgC1apFmtegVkfwvkcAL3iuXSg/WJVXvlD7/uLdzielyOQQgAAEIxAigVqgVBIpN4EnvraOlz9UlVRdKn/q693rsWcAmBCAAAQjkQgC1KnazmkslIJKCEvjLcm/Ze7IuqZoo3fkf3nd/v3yjoEUm2xCAAASanwBqhVpBoHgE7i+f/pn3zbqkSpU6t3sbPlE+1fxPJXIIAQhAoNAEUKviNauFrnBkfokEOstD/+p9v1JaU5dX7ffWfaG8e4lJczkEIAABCNRCALVCrSBQGALPem+cKX2mLqk6U/rMc94vankWcA4EIAABCORCALUqTLOay/0mkoISWOftOOB9qS6pqpTW/Jv37wUtL9mGAAQgUFwCqBVqBYGmJvBn5aO/9L5Wl1SpUufPvW/cXz5T3AcTOYcABCBQXAKoVVM3q8WtWOR86QQ+Vr7wQ+9fpkq31+VVO7y/fay8b+mpEwMEIAABCCyOAGqFWkGgGQm86P3kcumBuqTqROmzT3vbF/cg4CoIQAACEMiLAGrVjM1qXneXeIpI4CnvzeOlR+uSqqulP97kvVzEwpJnCEAAAq1HoBnVqqsH3YFAOxJ4tHygx/tKXVI1U1r9ivftPyy/33rPJkoEAQhAoIgEunoqzahW3b3VItIkzxBYNIFPlPte9zbWJVWq1Plr7x/+onxo0YlyIQQgAAEI5E6gu7fajGq1tX8s96ISIQSak8Cq8rW/9nYv7tOcJSJXEIAABNqZwNb+sWZUq5GJSTqu2rleUnYIQAACEIBAEQnk0mU1MjH5e0u3s2QMfTduYldFrFXkGQIQgAAEINCeBLp7q303biaVZhF7GqJWNh9b+8e6e6vMam/POkqpIQABCEAAAs1PoKun0t1bzWUc0ElYA9XKpUEAAhCAAAQgAAEItAkB1GqyTe40xYQABCAAAQhAYBkIoFaoFQQgAAEIQAACEMiNAGqVG8plEGGSgAAEIAABCECgyQmgVqgVBCAAAQhAAAIQyI0AapUbyiaXaLIHAQhAAAIQgMAyEECtUCsIQAACEIAABCCQGwHUKjeUyyDCJAEBCEAAAhCAQJMTQK1QKwhAAAIQgAAEIJAbAdQqN5RNLtFkDwIQgAAEIACBZSCAWqFWEIAABCAAAQhAIDcCqFVuKJdBhEkCAhCAAAQgAIEmJ4BaoVYQgAAEIAABCEAgNwKoVW4om1yiyR4EIAABCEAAAstAALVCrSAAAQhAAAIQgEBuBFCr3FAugwiTBAQgAAEIQAACTU4AtUKtIAABCEAAAhCAQG4EUKvcUDa5RJM9CEAAAhCAAASWgQBqhVpBAAIQgAAEIACB3AigVrmhXAYRJgkIQAACEIAABJqcAGqFWkEAAhCAAAQgAIHcCKBWuaFscokmexCAAAQgAAEILAMB1Aq1ggAEIAABCEAAArkRQK1yQ7kMIkwSEIAABCAAAQg0OQHUCrWCAAQgAAEIQAACuRFArXJD2eQSTfYgAAEIQAACEFgGAv8PK95N8KyokHkAAAAASUVORK5CYII=" /></p>','\r',char(13)),'\n',char(10)));
CREATE TABLE IF NOT EXISTS "providers_operator" ("id" integer NOT NULL PRIMARY KEY AUTOINCREMENT, "operator_name" varchar(64) NOT NULL, "provider_name" varchar(124) NOT NULL, "apn" varchar(64) NOT NULL, "iccid" varchar(100) NOT NULL, "check_usage" varchar(200) NOT NULL, "ip_breakout" varchar(100) NOT NULL, "topup_eligibility" varchar(500) NOT NULL, "esim_status" varchar(255) NOT NULL, "activation" varchar(1000) NOT NULL, "cancellation" varchar(1000) NOT NULL, "pkg_change" varchar(1000) NOT NULL, "esim_replacement" varchar(1000) NOT NULL, "admin_refund_method" varchar(1000) NOT NULL, "call_min" varchar(500) NOT NULL, "cancel_if_activated" varchar(1000) NOT NULL, "contact_notes" varchar(1000) NOT NULL, "phone_no" varchar(255) NOT NULL, "second_tier_notes" varchar(1000) NOT NULL, "contact_list" text NOT NULL);
INSERT INTO providers_operator VALUES(1,'Airalo','Airalo','Check Admin Panel','Same','App / Website','n/a','https://mobimatter.com/topup-esim/Airalo/all','Validity will start upon downloading the eSIM & Connects to a network','Delete & Redownload - max 5 times.','Check by Scan','n/a','Refund is possible if not activated- ask the operator. If activated with little to no usage- can check if the operator agrees.','n/a','n/a','n/a','n/a','n/a','n/a','n/a');
INSERT INTO providers_operator VALUES(2,'3HK','3','mobile.three.com.hk (also mobile.lte.three.com.hk works)','V missing last digit','API','Hong Kong','https://mobimatter.com/topup-esim/3/all','Yes - Current status','With installation. Will be available to install for up to 6 month (for all other operators it will be available for 3 months).','No refund from the operator. Internal actions can be taken if no usage and activated within the last 24 hours.','Possible if esim not downloaded. Consult with 2nd tier','replacement QR- app- 3$ Contact for specific eSIM issues. (For deleted eSIM- purchase in-app). When buying a replacement, the package will be transferred only when installing the new package. It is possible to but a replacement only if the original package is actvated. For KYC registration, will need to register the replacement again.','API will allow recycling up to 6 months only if not installed. If installed and can be recycled- recycle& change the QR code.','Depends on the package','Not possible for monthly pacakges. For yearly packages, on case by case basis -consult with 2nd tier','Always attach phone number+ICCID.','V +852','Recycle package if: No usage, 1/2 days activated, fast selling package',replace(replace('it_helpdesk@hthk.com \r\n\r\nCC ada.kwok@hthk.com','\r',char(13)),'\n',char(10)));
INSERT INTO providers_operator VALUES(3,'esimgo','Dri','dri','same','n/a','n/a','https://mobimatter.com/topup-esim/esimgo/all','n/a','n/a','n/a','n/a','n/a','n/a','n/a','n/a','n/a','n/a','n/a','n/a');
DELETE FROM sqlite_sequence;
INSERT INTO sqlite_sequence VALUES('django_migrations',28);
INSERT INTO sqlite_sequence VALUES('django_admin_log',27);
INSERT INTO sqlite_sequence VALUES('django_content_type',12);
INSERT INTO sqlite_sequence VALUES('auth_permission',48);
INSERT INTO sqlite_sequence VALUES('auth_group',0);
INSERT INTO sqlite_sequence VALUES('auth_user',2);
INSERT INTO sqlite_sequence VALUES('providers_countrydata',7);
INSERT INTO sqlite_sequence VALUES('providers_network',10);
INSERT INTO sqlite_sequence VALUES('providers_countrydata_networks',9);
INSERT INTO sqlite_sequence VALUES('assistant_topic',6);
INSERT INTO sqlite_sequence VALUES('assistant_case',4);
INSERT INTO sqlite_sequence VALUES('assistant_resolution',3);
INSERT INTO sqlite_sequence VALUES('providers_operator',3);
CREATE UNIQUE INDEX "auth_group_permissions_group_id_permission_id_0cd325b0_uniq" ON "auth_group_permissions" ("group_id", "permission_id");
CREATE INDEX "auth_group_permissions_group_id_b120cbf9" ON "auth_group_permissions" ("group_id");
CREATE INDEX "auth_group_permissions_permission_id_84c5c92e" ON "auth_group_permissions" ("permission_id");
CREATE UNIQUE INDEX "auth_user_groups_user_id_group_id_94350c0c_uniq" ON "auth_user_groups" ("user_id", "group_id");
CREATE INDEX "auth_user_groups_user_id_6a12ed8b" ON "auth_user_groups" ("user_id");
CREATE INDEX "auth_user_groups_group_id_97559544" ON "auth_user_groups" ("group_id");
CREATE UNIQUE INDEX "auth_user_user_permissions_user_id_permission_id_14a6b632_uniq" ON "auth_user_user_permissions" ("user_id", "permission_id");
CREATE INDEX "auth_user_user_permissions_user_id_a95ead1b" ON "auth_user_user_permissions" ("user_id");
CREATE INDEX "auth_user_user_permissions_permission_id_1fbb5f2c" ON "auth_user_user_permissions" ("permission_id");
CREATE INDEX "django_admin_log_content_type_id_c4bce8eb" ON "django_admin_log" ("content_type_id");
CREATE INDEX "django_admin_log_user_id_c564eba6" ON "django_admin_log" ("user_id");
CREATE UNIQUE INDEX "django_content_type_app_label_model_76bd3d3b_uniq" ON "django_content_type" ("app_label", "model");
CREATE UNIQUE INDEX "auth_permission_content_type_id_codename_01ab375a_uniq" ON "auth_permission" ("content_type_id", "codename");
CREATE INDEX "auth_permission_content_type_id_2f476e4b" ON "auth_permission" ("content_type_id");
CREATE INDEX "django_session_expire_date_a5c62663" ON "django_session" ("expire_date");
CREATE INDEX "providers_countrydata_operator_id_6d5f4fa8" ON "providers_countrydata" ("operator_id");
CREATE UNIQUE INDEX "providers_countrydata_networks_countrydata_id_network_id_978b9132_uniq" ON "providers_countrydata_networks" ("countrydata_id", "network_id");
CREATE INDEX "providers_countrydata_networks_countrydata_id_2c2c8bd2" ON "providers_countrydata_networks" ("countrydata_id");
CREATE INDEX "providers_countrydata_networks_network_id_d81a3c33" ON "providers_countrydata_networks" ("network_id");
CREATE INDEX "assistant_case_topic_id_09735813" ON "assistant_case" ("topic_id");
CREATE INDEX "assistant_resolution_case_id_ad7a3761" ON "assistant_resolution" ("case_id");
COMMIT;
